id,created_at,updated_at,version,feature_id,outcome,kind,ordinal,dice_count,dice_faces,dice_bonus,dice_average,damage_type,half_damage,condition_id,escape_dc,notes
790f31f7-cabc-59fd-8177-b92b89becf26,2026-09-08T00:00:00,2026-09-08T00:00:00,0,5030981c-3aff-57d5-a158-d54a88543122,SAVE_FAILURE,DAMAGE,0,1,12,NULL,6,ACID,false,NULL,NULL,NULL
49ec581c-0326-59d3-9773-259653eaffcc,2026-09-08T00:00:00,2026-09-08T00:00:00,0,149a656d-9039-56cd-b4a6-4ed4d283fb3f,HIT,DAMAGE,0,2,6,5,12,BLUDGEONING,false,NULL,NULL,NULL
90c7b3e4-6f45-53cd-b60f-c3247896f690,2026-09-08T00:00:00,2026-09-08T00:00:00,0,149a656d-9039-56cd-b4a6-4ed4d283fb3f,HIT,APPLY_CONDITION,1,NULL,NULL,NULL,NULL,NULL,false,c04d0000-0000-4000-a000-000000000006,14,NULL
07e8b1ec-1876-5884-928c-66498ed6b0ea,2026-09-08T00:00:00,2026-09-08T00:00:00,0,8d69d00e-08f7-5ea8-8db1-8187c15c1dda,SAVE_FAILURE,DAMAGE,0,3,6,NULL,10,PSYCHIC,false,NULL,NULL,NULL
58f9ad5e-9237-589d-80c1-bb2b6ac9d9b7,2026-09-08T00:00:00,2026-09-08T00:00:00,0,8d69d00e-08f7-5ea8-8db1-8187c15c1dda,SAVE_SUCCESS,DAMAGE,1,NULL,NULL,NULL,NULL,NULL,true,NULL,NULL,NULL
8b92bdd6-47dc-5c95-a072-628f0ad1b631,2026-09-08T00:00:00,2026-09-08T00:00:00,0,de0f7a45-315d-5e44-a9ec-fc62ac90553a,SAVE_FAILURE,APPLY_CONDITION,0,NULL,NULL,NULL,NULL,NULL,false,c04d0000-0000-4000-a000-000000000002,NULL,NULL
a3529eff-031f-55f8-a7b8-3aa7c0ea3918,2026-09-08T00:00:00,2026-09-08T00:00:00,0,a6a672d6-327c-50ff-92c1-55c7472b5d42,HIT,DAMAGE,0,2,8,5,14,THUNDER,false,NULL,NULL,NULL
446dcf10-ea0d-56a3-b88b-68a09624c1e3,2026-09-08T00:00:00,2026-09-08T00:00:00,0,51e7f06b-609f-592a-98db-7811f105275d,SAVE_FAILURE,DAMAGE,0,4,10,2,24,THUNDER,false,NULL,NULL,NULL
3233b125-07a6-5d73-86ec-81add89d56b0,2026-09-08T00:00:00,2026-09-08T00:00:00,0,51e7f06b-609f-592a-98db-7811f105275d,SAVE_FAILURE,APPLY_CONDITION,1,NULL,NULL,NULL,NULL,NULL,false,c04d0000-0000-4000-a000-00000000000c,NULL,NULL
44baf258-0b5b-505c-9a20-69e9f1183587,2026-09-08T00:00:00,2026-09-08T00:00:00,0,51e7f06b-609f-592a-98db-7811f105275d,SAVE_SUCCESS,DAMAGE,2,NULL,NULL,NULL,NULL,NULL,true,NULL,NULL,NULL
8d7499ef-b4cf-5d99-a12d-6ed9a0f3c29b,2026-09-08T00:00:00,2026-09-08T00:00:00,0,55762778-bd39-5354-bade-b0c607acea58,HIT,DAMAGE,0,1,6,2,5,BLUDGEONING,false,NULL,NULL,NULL
557edc83-89ae-589f-b47a-0ddeb865ffd3,2026-09-08T00:00:00,2026-09-08T00:00:00,0,9cf83429-87e4-5931-a9b5-5bb378f4c20c,HIT,DAMAGE,0,1,8,2,6,SLASHING,false,NULL,NULL,NULL
e81bf2be-523f-5617-bb46-54e5e84c67a8,2026-09-08T00:00:00,2026-09-08T00:00:00,0,1f99eea5-5d43-534d-98a2-f51c26794846,HIT,DAMAGE,0,2,6,3,10,BLUDGEONING,false,NULL,NULL,NULL
46a82dbb-a6b2-5c99-be5b-a7fd29423b67,2026-09-08T00:00:00,2026-09-08T00:00:00,0,1f99eea5-5d43-534d-98a2-f51c26794846,HIT,DAMAGE,1,2,6,3,10,BLUDGEONING,false,NULL,NULL,NULL
a913a801-d753-5343-a005-27163c748e78,2026-09-08T00:00:00,2026-09-08T00:00:00,0,8c3d4bb1-3a4e-518e-aa8f-f71214ae52ab,HIT,DAMAGE,0,2,6,3,10,SLASHING,false,NULL,NULL,NULL
72f8692d-5c32-5a1c-94bc-1dba86fc708e,2026-09-08T00:00:00,2026-09-08T00:00:00,0,8c3d4bb1-3a4e-518e-aa8f-f71214ae52ab,HIT,DAMAGE,1,1,6,NULL,3,ACID,false,NULL,NULL,NULL
3daaca62-e706-5595-be86-b693dfe52571,2026-09-08T00:00:00,2026-09-08T00:00:00,0,8c3d4bb1-3a4e-518e-aa8f-f71214ae52ab,HIT,APPLY_CONDITION,2,NULL,NULL,NULL,NULL,NULL,false,c04d0000-0000-4000-a000-000000000006,13,NULL
af5bee12-bf6b-5418-a5d9-49adfdbbbb28,2026-09-08T00:00:00,2026-09-08T00:00:00,0,dbc0395f-a001-56b7-9f42-e1d82e1b282b,SAVE_FAILURE,DAMAGE,0,4,6,NULL,14,ACID,false,NULL,NULL,NULL
fda554e6-86b0-5451-a2b8-e985d70ec39e,2026-09-08T00:00:00,2026-09-08T00:00:00,0,dbc0395f-a001-56b7-9f42-e1d82e1b282b,SAVE_SUCCESS,DAMAGE,1,NULL,NULL,NULL,NULL,NULL,true,NULL,NULL,NULL
b1d8cc2e-f18c-51fa-90fb-c65e450615e7,2026-09-08T00:00:00,2026-09-08T00:00:00,0,1aea011b-d3eb-5ca6-a4dc-8f364758ec62,HIT,DAMAGE,0,1,6,4,7,PIERCING,false,NULL,NULL,NULL
895cbc8f-0a30-58db-b351-ec90f09cda85,2026-09-08T00:00:00,2026-09-08T00:00:00,0,1aea011b-d3eb-5ca6-a4dc-8f364758ec62,HIT,DAMAGE,1,5,6,NULL,17,POISON,false,NULL,NULL,NULL
a1f57f72-95ac-507f-a4ea-b419aea7022f,2026-09-08T00:00:00,2026-09-08T00:00:00,0,1aea011b-d3eb-5ca6-a4dc-8f364758ec62,HIT,APPLY_CONDITION,2,NULL,NULL,NULL,NULL,NULL,false,c04d0000-0000-4000-a000-00000000000b,NULL,NULL
5f0a1a11-bb91-565e-9410-defb408ff246,2026-09-08T00:00:00,2026-09-08T00:00:00,0,28e29597-6a57-5041-9f61-c33f072364d1,HIT,DAMAGE,0,1,8,4,8,PIERCING,false,NULL,NULL,NULL
22699262-4b04-5fe1-8b28-7c4fd254176c,2026-09-08T00:00:00,2026-09-08T00:00:00,0,28e29597-6a57-5041-9f61-c33f072364d1,HIT,DAMAGE,1,6,6,NULL,21,POISON,false,NULL,NULL,NULL
63d3697b-b1dd-5fff-9844-de3f75636269,2026-09-08T00:00:00,2026-09-08T00:00:00,0,aeaf6119-1ef4-5122-a5e3-2545a2f5be43,HIT,DAMAGE,0,3,6,4,14,BLUDGEONING,false,NULL,NULL,NULL
6ad84652-4119-56a9-8b0f-1f0d65d0d19d,2026-09-08T00:00:00,2026-09-08T00:00:00,0,f0f64606-3e12-5f25-84b4-f1604466f59a,HIT,DAMAGE,0,1,8,2,6,SLASHING,false,NULL,NULL,NULL
e73292c0-424b-5c26-bc1b-4e68b5f3e78f,2026-09-08T00:00:00,2026-09-08T00:00:00,0,55057de3-2af9-5d42-83eb-8551186dfdd5,ALWAYS,DAMAGE,0,1,10,NULL,5,FIRE,false,NULL,NULL,NULL
b5766050-6f39-5b3b-9bdf-0bcf2c63b39d,2026-09-08T00:00:00,2026-09-08T00:00:00,0,bde5964e-e8d0-5061-9ff3-97e84b556db7,HIT,DAMAGE,0,1,10,3,8,BLUDGEONING,false,NULL,NULL,NULL
fa1fd6e7-a61b-5ec5-85f3-23daa98dae17,2026-09-08T00:00:00,2026-09-08T00:00:00,0,bde5964e-e8d0-5061-9ff3-97e84b556db7,HIT,DAMAGE,1,1,6,NULL,3,FIRE,false,NULL,NULL,NULL
6aa0a82b-47b2-577d-a49f-23864f341df1,2026-09-08T00:00:00,2026-09-08T00:00:00,0,de8d87b3-9136-5309-a604-a4efd537d64e,SAVE_FAILURE,DAMAGE,0,9,6,NULL,31,FIRE,false,NULL,NULL,NULL
95f0bf88-4268-55fe-8296-b376e69a0cc3,2026-09-08T00:00:00,2026-09-08T00:00:00,0,de8d87b3-9136-5309-a604-a4efd537d64e,SAVE_FAILURE,DAMAGE,1,9,6,NULL,31,FORCE,false,NULL,NULL,NULL
5bd6b56c-9a70-50d0-b709-c28830b50790,2026-09-08T00:00:00,2026-09-08T00:00:00,0,de8d87b3-9136-5309-a604-a4efd537d64e,SAVE_SUCCESS,DAMAGE,2,NULL,NULL,NULL,NULL,NULL,true,NULL,NULL,NULL
fb0590b4-b5a6-5e0e-beed-abd124299c82,2026-09-08T00:00:00,2026-09-08T00:00:00,0,0782a45a-2efc-5b4f-985f-a58a21d294b2,ALWAYS,DAMAGE,0,3,8,NULL,13,FIRE,false,NULL,NULL,NULL
c1489d24-8691-5672-a5ba-47ed5e372910,2026-09-08T00:00:00,2026-09-08T00:00:00,0,b5f3f5d7-2e53-5815-a172-31168a2f3025,HIT,DAMAGE,0,3,6,8,18,FORCE,false,NULL,NULL,NULL
1c2d35d4-3b8a-5e09-ad2a-e27cbdac0982,2026-09-08T00:00:00,2026-09-08T00:00:00,0,b5f3f5d7-2e53-5815-a172-31168a2f3025,HIT,DAMAGE,1,5,6,NULL,17,FIRE,false,NULL,NULL,NULL
bcfafea6-7ec5-5c38-86de-bb35f01140bb,2026-09-08T00:00:00,2026-09-08T00:00:00,0,b5f3f5d7-2e53-5815-a172-31168a2f3025,HIT,APPLY_CONDITION,2,NULL,NULL,NULL,NULL,NULL,false,c04d0000-0000-4000-a000-00000000000c,NULL,NULL
392758ca-ed47-531d-bf48-926c5112cc54,2026-09-08T00:00:00,2026-09-08T00:00:00,0,0160abb2-ea4b-56e1-94c1-cf9a3d086114,HIT,DAMAGE,0,3,8,8,21,FORCE,false,NULL,NULL,NULL
d67f9271-1938-5d21-9591-533deaff3059,2026-09-08T00:00:00,2026-09-08T00:00:00,0,0160abb2-ea4b-56e1-94c1-cf9a3d086114,HIT,DAMAGE,1,4,10,NULL,22,LIGHTNING,false,NULL,NULL,NULL
b03490d9-532e-5f8b-ab8b-affb957ed02f,2026-09-08T00:00:00,2026-09-08T00:00:00,0,81ec4477-af63-589f-9206-d9441fbf9c80,HIT,DAMAGE,0,1,6,1,4,SLASHING,false,NULL,NULL,NULL
21f91c1a-77a5-5d00-87b6-245cd3c50029,2026-09-08T00:00:00,2026-09-08T00:00:00,0,2ad40f51-6f8a-50f6-b2db-8c352c60764f,HIT,DAMAGE,0,1,8,1,5,PIERCING,false,NULL,NULL,NULL
a2872493-257d-58a8-865a-47ac9e73a3a4,2026-09-08T00:00:00,2026-09-08T00:00:00,0,79c212be-4781-5b70-8fb2-20979a37901b,HIT,DAMAGE,0,1,6,3,6,SLASHING,false,NULL,NULL,NULL
82409627-bdaf-5c36-ae0d-eeb0a8e3107b,2026-09-08T00:00:00,2026-09-08T00:00:00,0,25caa673-2bf5-54b8-858e-199ff175f212,HIT,DAMAGE,0,1,10,3,8,PIERCING,false,NULL,NULL,NULL
f9530067-ceed-5867-8d7f-fda4c63ea4e0,2026-09-08T00:00:00,2026-09-08T00:00:00,0,975e3804-a0bb-5d74-8d20-aa3508ab400a,ALWAYS,DAMAGE,0,1,10,NULL,5,PIERCING,false,NULL,NULL,NULL
34efcc5c-b221-5dee-91ac-eaad763c7340,2026-09-08T00:00:00,2026-09-08T00:00:00,0,a4563f96-984a-5fa4-992b-92621dd24908,HIT,DAMAGE,0,2,6,3,10,PIERCING,false,NULL,NULL,NULL
79f18565-49ea-5989-8cae-6dd4d96d0ccb,2026-09-08T00:00:00,2026-09-08T00:00:00,0,a4563f96-984a-5fa4-992b-92621dd24908,HIT,APPLY_CONDITION,1,NULL,NULL,NULL,NULL,NULL,false,c04d0000-0000-4000-a000-000000000006,13,NULL
68cfa13c-726d-5be3-b468-d111c8ab3b65,2026-09-08T00:00:00,2026-09-08T00:00:00,0,1c34c955-5f51-5a37-befa-87486a5edce4,HIT,DAMAGE,0,2,10,3,14,SLASHING,false,NULL,NULL,NULL
0eb22b80-5925-5316-947f-e63d7df60d86,2026-09-08T00:00:00,2026-09-08T00:00:00,0,191d6f01-de3e-53b4-bc70-26b4d1364928,HIT,DAMAGE,0,5,6,NULL,17,FIRE,false,NULL,NULL,NULL
13db1a07-29d0-5b50-ad58-0aba4bf69a31,2026-09-08T00:00:00,2026-09-08T00:00:00,0,e8cb55f7-5a34-5d0b-93d2-bcf4b30f9e7e,HIT,DAMAGE,0,2,6,3,10,PIERCING,false,NULL,NULL,NULL
ae074b66-6865-5244-bf79-5561cbc7830b,2026-09-08T00:00:00,2026-09-08T00:00:00,0,e8cb55f7-5a34-5d0b-93d2-bcf4b30f9e7e,HIT,DAMAGE,1,2,6,NULL,7,POISON,false,NULL,NULL,NULL
d2fc3fb1-c118-59b7-8769-b13f2a3275c2,2026-09-08T00:00:00,2026-09-08T00:00:00,0,313a1e8e-bd06-574c-baa6-6cfb7653a01f,SAVE_FAILURE,APPLY_CONDITION,0,NULL,NULL,NULL,NULL,NULL,false,c04d0000-0000-4000-a000-00000000000d,NULL,NULL
e3ed719c-9ac3-57cd-99c3-e579e3498c66,2026-09-08T00:00:00,2026-09-08T00:00:00,0,313a1e8e-bd06-574c-baa6-6cfb7653a01f,SAVE_FAILURE,APPLY_CONDITION,1,NULL,NULL,NULL,NULL,NULL,false,c04d0000-0000-4000-a000-00000000000a,NULL,NULL
4095d112-601e-50ef-a72f-666f93aff51f,2026-09-08T00:00:00,2026-09-08T00:00:00,0,1c6749cf-314e-52e1-8faa-f8af5c2e86eb,HIT,DAMAGE,0,1,8,3,7,PIERCING,false,NULL,NULL,NULL
392bd360-20aa-5875-9753-1e3bebd66469,2026-09-08T00:00:00,2026-09-08T00:00:00,0,1c6749cf-314e-52e1-8faa-f8af5c2e86eb,HIT,APPLY_CONDITION,1,NULL,NULL,NULL,NULL,NULL,false,c04d0000-0000-4000-a000-00000000000b,NULL,NULL
34d46756-394c-536b-a12d-93bb4fa707de,2026-09-08T00:00:00,2026-09-08T00:00:00,0,647fc75b-2fdf-5ff2-85a4-d85fc424a5e5,HIT,DAMAGE,0,1,10,3,8,SLASHING,false,NULL,NULL,NULL
6db655fc-693a-5018-8bb3-9b956bd2f584,2026-09-08T00:00:00,2026-09-08T00:00:00,0,1a0b7afb-e3a4-593a-b9e6-dbb1716de066,HIT,DAMAGE,0,2,12,6,19,PIERCING,false,NULL,NULL,NULL
7f14fdd8-52b7-58f9-8a8f-f309ce19833b,2026-09-08T00:00:00,2026-09-08T00:00:00,0,1a0b7afb-e3a4-593a-b9e6-dbb1716de066,HIT,DAMAGE,1,2,10,NULL,11,LIGHTNING,false,NULL,NULL,NULL
bbcbfc89-3cd4-5cc2-90a3-687b0a495d65,2026-09-08T00:00:00,2026-09-08T00:00:00,0,77734d94-a46a-5c55-80c5-5129664a3bee,SAVE_FAILURE,DAMAGE,0,5,8,6,28,BLUDGEONING,false,NULL,NULL,NULL
4ee9b4d7-b5fb-5158-a356-baa8c361a5a4,2026-09-08T00:00:00,2026-09-08T00:00:00,0,77734d94-a46a-5c55-80c5-5129664a3bee,SAVE_FAILURE,APPLY_CONDITION,1,NULL,NULL,NULL,NULL,NULL,false,c04d0000-0000-4000-a000-000000000006,16,NULL
ad9ceb08-e835-589c-92db-5acbf17ae328,2026-09-08T00:00:00,2026-09-08T00:00:00,0,77734d94-a46a-5c55-80c5-5129664a3bee,SAVE_FAILURE,APPLY_CONDITION,2,NULL,NULL,NULL,NULL,NULL,false,c04d0000-0000-4000-a000-00000000000d,16,NULL
10aa32ad-c534-55ca-b57f-8085ca0d2b9e,2026-09-08T00:00:00,2026-09-08T00:00:00,0,60ac0d22-27f7-54c6-bd9c-7e5b38c14201,SAVE_FAILURE,DAMAGE,0,12,10,NULL,66,LIGHTNING,false,NULL,NULL,NULL
0d23a44a-f731-516e-8724-dc844df287c7,2026-09-08T00:00:00,2026-09-08T00:00:00,0,60ac0d22-27f7-54c6-bd9c-7e5b38c14201,SAVE_SUCCESS,DAMAGE,1,NULL,NULL,NULL,NULL,NULL,true,NULL,NULL,NULL
224485ef-0509-59c8-8d91-03daaffbe0d7,2026-09-08T00:00:00,2026-09-08T00:00:00,0,525f68a6-223a-5faa-b530-6a1f8ad484fe,SAVE_FAILURE,DAMAGE,0,6,6,NULL,21,ACID,false,NULL,NULL,NULL
38a8a80f-5c93-5b64-b82f-4b50e85c0532,2026-09-08T00:00:00,2026-09-08T00:00:00,0,525f68a6-223a-5faa-b530-6a1f8ad484fe,SAVE_FAILURE,APPLY_CONDITION,1,NULL,NULL,NULL,NULL,NULL,false,c04d0000-0000-4000-a000-00000000000c,NULL,NULL
a452a327-9db9-5f81-9566-7c2f3fe35760,2026-09-08T00:00:00,2026-09-08T00:00:00,0,38cd1e77-8d7c-5511-854e-a0ff2868a5b5,HIT,DAMAGE,0,1,12,3,9,SLASHING,false,NULL,NULL,NULL
a36d1f85-c748-5b9e-be73-2659bd1b1e23,2026-09-08T00:00:00,2026-09-08T00:00:00,0,518bb598-3610-5100-b658-de3147a81646,HIT,DAMAGE,0,1,6,2,5,SLASHING,false,NULL,NULL,NULL
b0f82bfe-d6c1-5ced-9d63-3f9a4aa15e39,2026-09-08T00:00:00,2026-09-08T00:00:00,0,518bb598-3610-5100-b658-de3147a81646,HIT,DAMAGE,1,1,4,NULL,2,ACID,false,NULL,NULL,NULL
1e8ea75f-977c-5c31-8c5e-48e0ef47334a,2026-09-08T00:00:00,2026-09-08T00:00:00,0,69885f57-254e-5bf0-96b3-f13fdbd7102e,SAVE_FAILURE,DAMAGE,0,5,8,NULL,22,ACID,false,NULL,NULL,NULL
d527336a-5723-55f4-919a-58c7a4201625,2026-09-08T00:00:00,2026-09-08T00:00:00,0,69885f57-254e-5bf0-96b3-f13fdbd7102e,SAVE_SUCCESS,DAMAGE,1,NULL,NULL,NULL,NULL,NULL,true,NULL,NULL,NULL
0a38ef05-be63-51ec-a741-4655d3e885c0,2026-09-08T00:00:00,2026-09-08T00:00:00,0,6305106a-a7c9-5d01-ad12-ee40dd35c92b,HIT,DAMAGE,0,2,4,4,9,SLASHING,false,NULL,NULL,NULL
a5f50984-01b9-5185-afc6-cd5e49c79e96,2026-09-08T00:00:00,2026-09-08T00:00:00,0,6305106a-a7c9-5d01-ad12-ee40dd35c92b,HIT,DAMAGE,1,1,6,NULL,3,ACID,false,NULL,NULL,NULL
7e68f146-b18c-5e73-9840-feea8b963efb,2026-09-08T00:00:00,2026-09-08T00:00:00,0,f3f850aa-c127-578a-894b-a029c26d6a3c,SAVE_FAILURE,DAMAGE,0,14,6,NULL,49,ACID,false,NULL,NULL,NULL
80effaf3-a1c6-5977-b86a-ce678bb1217b,2026-09-08T00:00:00,2026-09-08T00:00:00,0,f3f850aa-c127-578a-894b-a029c26d6a3c,SAVE_SUCCESS,DAMAGE,1,NULL,NULL,NULL,NULL,NULL,true,NULL,NULL,NULL
9134c141-53fb-5560-af33-9e3ed6b80bad,2026-09-08T00:00:00,2026-09-08T00:00:00,0,4063062c-e0a3-5ae3-8014-a942e5bb97cb,HIT,DAMAGE,0,2,6,6,13,SLASHING,false,NULL,NULL,NULL
48b21d93-d1a3-5af6-8864-3cfd205b2dbe,2026-09-08T00:00:00,2026-09-08T00:00:00,0,4063062c-e0a3-5ae3-8014-a942e5bb97cb,HIT,DAMAGE,1,1,8,NULL,4,ACID,false,NULL,NULL,NULL
47965565-326b-503b-92cd-d0728f91f7f6,2026-09-08T00:00:00,2026-09-08T00:00:00,0,82fca83f-d2aa-54da-934c-f42cfec9239c,SAVE_FAILURE,DAMAGE,0,12,8,NULL,54,ACID,false,NULL,NULL,NULL
d6bdb89e-790b-51f1-9abe-47949f9407e5,2026-09-08T00:00:00,2026-09-08T00:00:00,0,82fca83f-d2aa-54da-934c-f42cfec9239c,SAVE_SUCCESS,DAMAGE,1,NULL,NULL,NULL,NULL,NULL,true,NULL,NULL,NULL
d123b15c-eb69-5fe3-b869-e653c6eb6872,2026-09-08T00:00:00,2026-09-08T00:00:00,0,97e8d840-bdbb-56fd-a713-31c9bd7fac18,SAVE_FAILURE,DAMAGE,0,4,10,NULL,22,POISON,false,NULL,NULL,NULL
c4b9b7c4-5999-53f5-a604-ee9fb543c4d2,2026-09-08T00:00:00,2026-09-08T00:00:00,0,221d782a-e113-5447-87e4-afce78b383a7,HIT,DAMAGE,0,2,8,8,17,SLASHING,false,NULL,NULL,NULL
c4ab2f0e-7085-562b-aee9-f5a36db31ce6,2026-09-08T00:00:00,2026-09-08T00:00:00,0,221d782a-e113-5447-87e4-afce78b383a7,HIT,DAMAGE,1,2,8,NULL,9,ACID,false,NULL,NULL,NULL
db8e6e55-98ff-5c00-aa0f-284edf00d40f,2026-09-08T00:00:00,2026-09-08T00:00:00,0,58b5b76a-a4b7-5cd7-b095-83f07a4f61d9,SAVE_FAILURE,DAMAGE,0,15,8,NULL,67,ACID,false,NULL,NULL,NULL
391548d2-b603-50cf-9733-fa5b00065552,2026-09-08T00:00:00,2026-09-08T00:00:00,0,58b5b76a-a4b7-5cd7-b095-83f07a4f61d9,SAVE_SUCCESS,DAMAGE,1,NULL,NULL,NULL,NULL,NULL,true,NULL,NULL,NULL
1b760838-375f-55c0-a0f5-7f3f67bfd4e2,2026-09-08T00:00:00,2026-09-08T00:00:00,0,8ab0224e-ddb0-5f77-b748-5ec68902446b,SAVE_FAILURE,DAMAGE,0,6,10,NULL,33,POISON,false,NULL,NULL,NULL
a4e2c79e-d069-5664-a319-268ffebb905c,2026-09-08T00:00:00,2026-09-08T00:00:00,0,c2b18f32-6167-55ca-b520-8760289e6f6d,ALWAYS,DAMAGE,0,1,8,NULL,4,ACID,false,NULL,NULL,NULL
f67df1c6-ee0e-5a98-909b-03811d054d13,2026-09-08T00:00:00,2026-09-08T00:00:00,0,f24ce56b-306a-5497-9e40-e356361c3b76,HIT,DAMAGE,0,4,6,3,17,ACID,false,NULL,NULL,NULL
50b5052f-1e37-536b-9943-b550c4f150b5,2026-09-08T00:00:00,2026-09-08T00:00:00,0,dda68605-d404-50c5-b690-0efd62629947,HIT,DAMAGE,0,1,4,3,5,PIERCING,false,NULL,NULL,NULL
89b1cd02-bf2a-5597-b440-fa0d79f393a1,2026-09-08T00:00:00,2026-09-08T00:00:00,0,a05290ef-12ce-5e51-8dca-ada6ff5bb6c2,HIT,DAMAGE,0,1,10,3,8,SLASHING,false,NULL,NULL,NULL
2f8bac8a-dacb-5e1f-bd60-e09807a9f7cf,2026-09-08T00:00:00,2026-09-08T00:00:00,0,a05290ef-12ce-5e51-8dca-ada6ff5bb6c2,HIT,DAMAGE,1,1,6,NULL,3,LIGHTNING,false,NULL,NULL,NULL
52626a29-d2c4-54b0-85a3-745c74b3121d,2026-09-08T00:00:00,2026-09-08T00:00:00,0,dafd3854-b8aa-5d8c-ae0b-616be1720632,SAVE_FAILURE,DAMAGE,0,6,6,NULL,21,LIGHTNING,false,NULL,NULL,NULL
f546f489-6a45-5d95-a7ad-830a4169205e,2026-09-08T00:00:00,2026-09-08T00:00:00,0,dafd3854-b8aa-5d8c-ae0b-616be1720632,SAVE_SUCCESS,DAMAGE,1,NULL,NULL,NULL,NULL,NULL,true,NULL,NULL,NULL
9c69bbd3-2abb-5556-8686-3f5c40ae8870,2026-09-08T00:00:00,2026-09-08T00:00:00,0,539936c4-a6ee-50eb-84b1-6c727d315385,HIT,DAMAGE,0,2,6,5,12,SLASHING,false,NULL,NULL,NULL
1b40e2a2-2081-5eb3-8940-ab63d5ed3288,2026-09-08T00:00:00,2026-09-08T00:00:00,0,539936c4-a6ee-50eb-84b1-6c727d315385,HIT,DAMAGE,1,1,10,NULL,5,LIGHTNING,false,NULL,NULL,NULL
3d3daba5-2a51-549e-a94b-31569a0b89bc,2026-09-08T00:00:00,2026-09-08T00:00:00,0,d366ecf3-d3c3-56c0-89b5-72b814fdfff8,SAVE_FAILURE,DAMAGE,0,10,10,NULL,55,LIGHTNING,false,NULL,NULL,NULL
e9e812af-b6f0-54df-a7e2-73dbf428b62e,2026-09-08T00:00:00,2026-09-08T00:00:00,0,d366ecf3-d3c3-56c0-89b5-72b814fdfff8,SAVE_SUCCESS,DAMAGE,1,NULL,NULL,NULL,NULL,NULL,true,NULL,NULL,NULL
01be1620-e31e-5100-8da6-fd11938373f4,2026-09-08T00:00:00,2026-09-08T00:00:00,0,771c9a66-97f0-5185-bc37-1e4f433d8365,HIT,DAMAGE,0,2,8,7,16,SLASHING,false,NULL,NULL,NULL
947bfaba-2589-5782-8a22-536e137af378,2026-09-08T00:00:00,2026-09-08T00:00:00,0,771c9a66-97f0-5185-bc37-1e4f433d8365,HIT,DAMAGE,1,1,10,NULL,5,LIGHTNING,false,NULL,NULL,NULL
797c6202-f814-56b0-a884-669936012509,2026-09-08T00:00:00,2026-09-08T00:00:00,0,1783f96f-29bc-5c32-85f2-451f1635cd4e,SAVE_FAILURE,DAMAGE,0,11,10,NULL,60,LIGHTNING,false,NULL,NULL,NULL
b11c35e4-aa3a-5cb8-8eab-02681d7d8175,2026-09-08T00:00:00,2026-09-08T00:00:00,0,1783f96f-29bc-5c32-85f2-451f1635cd4e,SAVE_SUCCESS,DAMAGE,1,NULL,NULL,NULL,NULL,NULL,true,NULL,NULL,NULL
d698f831-e578-50cc-ae4d-88da87e40e87,2026-09-08T00:00:00,2026-09-08T00:00:00,0,6ffcf8ea-56c2-5967-a94a-2d4da6407357,HIT,DAMAGE,0,2,8,9,18,SLASHING,false,NULL,NULL,NULL
709bdf32-40fc-5d14-8ba3-93d4454bf42e,2026-09-08T00:00:00,2026-09-08T00:00:00,0,6ffcf8ea-56c2-5967-a94a-2d4da6407357,HIT,DAMAGE,1,2,10,NULL,11,LIGHTNING,false,NULL,NULL,NULL
7b8fc1c9-8a59-5d82-b414-5e9815c7f77c,2026-09-08T00:00:00,2026-09-08T00:00:00,0,68def734-65ee-5bd2-b3be-526ef9175e9b,SAVE_FAILURE,DAMAGE,0,16,10,NULL,88,LIGHTNING,false,NULL,NULL,NULL
719e542b-f05b-5c02-b130-8f0c120fda88,2026-09-08T00:00:00,2026-09-08T00:00:00,0,68def734-65ee-5bd2-b3be-526ef9175e9b,SAVE_SUCCESS,DAMAGE,1,NULL,NULL,NULL,NULL,NULL,true,NULL,NULL,NULL
56ebea5e-776a-523b-93c3-8dccd09a1a41,2026-09-08T00:00:00,2026-09-08T00:00:00,0,236643a2-20fd-5018-bc6c-9265ec99b208,HIT,DAMAGE,0,2,8,4,13,SLASHING,false,NULL,NULL,NULL
58771824-6eba-5467-b632-16c21ba3ec72,2026-09-08T00:00:00,2026-09-08T00:00:00,0,63158f53-ce14-549b-973e-4a7955a4449a,HIT,DAMAGE,0,2,10,4,15,PIERCING,false,NULL,NULL,NULL
12b2acda-cb45-57ba-b625-6ffb7bb329cc,2026-09-08T00:00:00,2026-09-08T00:00:00,0,63158f53-ce14-549b-973e-4a7955a4449a,HIT,DAMAGE,1,4,8,NULL,18,POISON,false,NULL,NULL,NULL
965e8593-77f6-5226-8e1a-6f49daa19f29,2026-09-08T00:00:00,2026-09-08T00:00:00,0,63158f53-ce14-549b-973e-4a7955a4449a,HIT,APPLY_CONDITION,2,NULL,NULL,NULL,NULL,NULL,false,c04d0000-0000-4000-a000-00000000000b,NULL,NULL
80c50cf7-d714-561f-ade3-eb05b3180209,2026-09-08T00:00:00,2026-09-08T00:00:00,0,c3fd17b5-f7fc-5147-bce8-a3c7d5643c04,HIT,DAMAGE,0,1,10,2,7,SLASHING,false,NULL,NULL,NULL
f07edc89-d17b-5c9c-bbfd-fb015c9bf7e2,2026-09-08T00:00:00,2026-09-08T00:00:00,0,970af93e-88bf-5f73-9b81-8196e3b18d89,SAVE_FAILURE,DAMAGE,0,4,6,NULL,14,FIRE,false,NULL,NULL,NULL
b7034e2b-de0e-5b9c-8386-d810a06841fe,2026-09-08T00:00:00,2026-09-08T00:00:00,0,970af93e-88bf-5f73-9b81-8196e3b18d89,SAVE_SUCCESS,DAMAGE,1,NULL,NULL,NULL,NULL,NULL,true,NULL,NULL,NULL
513d29a3-dc90-5988-8382-949db3411542,2026-09-08T00:00:00,2026-09-08T00:00:00,0,bde68a2f-4b64-5fdd-a588-5a0266f8e128,SAVE_FAILURE,APPLY_CONDITION,0,NULL,NULL,NULL,NULL,NULL,false,c04d0000-0000-4000-a000-000000000007,NULL,NULL
40780a71-c7a5-52e6-bdb3-76b101defafd,2026-09-08T00:00:00,2026-09-08T00:00:00,0,bde68a2f-4b64-5fdd-a588-5a0266f8e128,SAVE_FAILURE,APPLY_CONDITION,1,NULL,NULL,NULL,NULL,NULL,false,c04d0000-0000-4000-a000-00000000000f,NULL,NULL
717dd135-9117-540c-88da-df2bf1caaca5,2026-09-08T00:00:00,2026-09-08T00:00:00,0,fd66adfc-0609-50fe-88b4-61fda4f792c5,HIT,DAMAGE,0,2,10,4,15,SLASHING,false,NULL,NULL,NULL
83fbca4d-b4f7-5db9-8a92-74b16748160b,2026-09-08T00:00:00,2026-09-08T00:00:00,0,ac2c6a18-7574-5bc2-9859-e96ac5255ffd,SAVE_FAILURE,DAMAGE,0,11,6,NULL,38,FIRE,false,NULL,NULL,NULL
2386a2f1-cba6-5399-896c-8f746caa16f2,2026-09-08T00:00:00,2026-09-08T00:00:00,0,ac2c6a18-7574-5bc2-9859-e96ac5255ffd,SAVE_SUCCESS,DAMAGE,1,NULL,NULL,NULL,NULL,NULL,true,NULL,NULL,NULL
28b79c8e-c435-5227-aa83-3c47dcaeb84f,2026-09-08T00:00:00,2026-09-08T00:00:00,0,4b2ccd1a-83fe-5403-bacf-c1933db4a820,SAVE_FAILURE,APPLY_CONDITION,0,NULL,NULL,NULL,NULL,NULL,false,c04d0000-0000-4000-a000-000000000007,NULL,NULL
da74ef99-3a2c-5d22-a5d9-91b560b57849,2026-09-08T00:00:00,2026-09-08T00:00:00,0,4b2ccd1a-83fe-5403-bacf-c1933db4a820,SAVE_FAILURE,APPLY_CONDITION,1,NULL,NULL,NULL,NULL,NULL,false,c04d0000-0000-4000-a000-00000000000f,NULL,NULL
b06fab55-a7bd-5584-bf77-a80060c346e9,2026-09-08T00:00:00,2026-09-08T00:00:00,0,95444fa7-ee09-5f97-a18e-5b1fb119fe03,HIT,DAMAGE,0,2,10,6,17,SLASHING,false,NULL,NULL,NULL
7be44576-7344-5df6-a8c0-102c09e3bc80,2026-09-08T00:00:00,2026-09-08T00:00:00,0,95444fa7-ee09-5f97-a18e-5b1fb119fe03,HIT,DAMAGE,1,1,8,NULL,4,FIRE,false,NULL,NULL,NULL
e9a41b3f-dc92-5411-8982-a56e79ca3b57,2026-09-08T00:00:00,2026-09-08T00:00:00,0,a3918332-21bf-5e0e-ab98-ec30456dbc22,SAVE_FAILURE,DAMAGE,0,10,8,NULL,45,FIRE,false,NULL,NULL,NULL
78fb5bb0-393f-557a-ab57-e5779c1cdab8,2026-09-08T00:00:00,2026-09-08T00:00:00,0,a3918332-21bf-5e0e-ab98-ec30456dbc22,SAVE_SUCCESS,DAMAGE,1,NULL,NULL,NULL,NULL,NULL,true,NULL,NULL,NULL
80ef8871-7278-5851-87bc-f7be2bd12454,2026-09-08T00:00:00,2026-09-08T00:00:00,0,e531ec30-f953-5eeb-a6a7-7f47924a7c53,SAVE_FAILURE,APPLY_CONDITION,0,NULL,NULL,NULL,NULL,NULL,false,c04d0000-0000-4000-a000-000000000007,NULL,NULL
4eb52506-80d2-52c3-9acb-84b1a29dc198,2026-09-08T00:00:00,2026-09-08T00:00:00,0,e531ec30-f953-5eeb-a6a7-7f47924a7c53,SAVE_FAILURE,APPLY_CONDITION,1,NULL,NULL,NULL,NULL,NULL,false,c04d0000-0000-4000-a000-00000000000f,NULL,NULL
c7cd30e1-e555-5ffd-9fd5-af8127879376,2026-09-08T00:00:00,2026-09-08T00:00:00,0,0b37326e-3a8e-590d-bc3b-dbeca7350dc9,SAVE_FAILURE,DAMAGE,0,6,8,NULL,27,FIRE,false,NULL,NULL,NULL
eadd9837-3297-5d5a-a11d-1ba03b56f55c,2026-09-08T00:00:00,2026-09-08T00:00:00,0,44bae7b9-f288-5f8a-87fb-4977065d7307,HIT,DAMAGE,0,2,10,8,19,SLASHING,false,NULL,NULL,NULL
55fb518a-b1a2-590d-9611-9c12b5078778,2026-09-08T00:00:00,2026-09-08T00:00:00,0,44bae7b9-f288-5f8a-87fb-4977065d7307,HIT,DAMAGE,1,2,6,NULL,7,FIRE,false,NULL,NULL,NULL
0e7d384d-236c-5fd2-9a5c-5eeb687b9403,2026-09-08T00:00:00,2026-09-08T00:00:00,0,aa84183a-dbbe-589c-a623-97293c409f25,SAVE_FAILURE,DAMAGE,0,13,8,NULL,58,FIRE,false,NULL,NULL,NULL
ad2ed26a-e707-582c-9832-bc58719d6e8a,2026-09-08T00:00:00,2026-09-08T00:00:00,0,aa84183a-dbbe-589c-a623-97293c409f25,SAVE_SUCCESS,DAMAGE,1,NULL,NULL,NULL,NULL,NULL,true,NULL,NULL,NULL
cb6e66bc-8d85-58bb-ae92-7b2eaca53ddb,2026-09-08T00:00:00,2026-09-08T00:00:00,0,7d61fac2-03ff-53df-b72b-4eb3481779a2,SAVE_FAILURE,APPLY_CONDITION,0,NULL,NULL,NULL,NULL,NULL,false,c04d0000-0000-4000-a000-000000000007,NULL,NULL
d8776bff-a369-5666-af57-051980c339ff,2026-09-08T00:00:00,2026-09-08T00:00:00,0,7d61fac2-03ff-53df-b72b-4eb3481779a2,SAVE_FAILURE,APPLY_CONDITION,1,NULL,NULL,NULL,NULL,NULL,false,c04d0000-0000-4000-a000-00000000000f,NULL,NULL
6d07bb7f-c1cd-55a5-a9b2-53aa7b424740,2026-09-08T00:00:00,2026-09-08T00:00:00,0,04ae77bf-dc43-579a-bd34-f2765cd4f64e,SAVE_FAILURE,DAMAGE,0,8,8,NULL,36,FIRE,false,NULL,NULL,NULL
50eafe42-868d-54ec-b448-f093efb54fcc,2026-09-08T00:00:00,2026-09-08T00:00:00,0,ff678789-047c-5232-a989-50fd0584d52c,HIT,DAMAGE,0,1,10,3,8,SLASHING,false,NULL,NULL,NULL
9502356c-0e3b-5d4e-b44d-827fc8f0ae7b,2026-09-08T00:00:00,2026-09-08T00:00:00,0,ba280d3c-5c14-5ff7-8fbd-c8f2aff77320,SAVE_FAILURE,DAMAGE,0,3,10,NULL,16,LIGHTNING,false,NULL,NULL,NULL
af15f2c9-4426-56a5-96e9-c919b8b126f2,2026-09-08T00:00:00,2026-09-08T00:00:00,0,ba280d3c-5c14-5ff7-8fbd-c8f2aff77320,SAVE_SUCCESS,DAMAGE,1,NULL,NULL,NULL,NULL,NULL,true,NULL,NULL,NULL
eb4c2056-b79d-5cc9-8267-01b3d3e77dd1,2026-09-08T00:00:00,2026-09-08T00:00:00,0,890d8a51-aaa9-51ec-8485-f11afe3172e5,SAVE_FAILURE,APPLY_CONDITION,0,NULL,NULL,NULL,NULL,NULL,false,c04d0000-0000-4000-a000-00000000000c,NULL,NULL
2fd73497-bfb1-58a7-a822-dcbc5f80159c,2026-09-08T00:00:00,2026-09-08T00:00:00,0,dd7a343c-abe5-524e-b30a-c0a782eb093a,HIT,DAMAGE,0,2,10,5,16,SLASHING,false,NULL,NULL,NULL
96dcbef2-8320-5711-9ea2-73717d497c70,2026-09-08T00:00:00,2026-09-08T00:00:00,0,589afe30-c8cc-51a2-825b-2f065dc77bff,SAVE_FAILURE,DAMAGE,0,9,10,NULL,49,LIGHTNING,false,NULL,NULL,NULL
c186b7bd-a878-5993-b7dd-eca06e49b5ae,2026-09-08T00:00:00,2026-09-08T00:00:00,0,589afe30-c8cc-51a2-825b-2f065dc77bff,SAVE_SUCCESS,DAMAGE,1,NULL,NULL,NULL,NULL,NULL,true,NULL,NULL,NULL
acd4fad2-1761-5cbe-b073-39abf7102ff0,2026-09-08T00:00:00,2026-09-08T00:00:00,0,6e205363-ce08-5244-b9b8-1fa53b540cbc,SAVE_FAILURE,APPLY_CONDITION,0,NULL,NULL,NULL,NULL,NULL,false,c04d0000-0000-4000-a000-00000000000c,NULL,NULL
817200d5-0dd6-5047-92e8-a74ed322cbc7,2026-09-08T00:00:00,2026-09-08T00:00:00,0,374c0821-ebc0-5b76-85d3-ab5521f68ab6,HIT,DAMAGE,0,2,8,7,16,SLASHING,false,NULL,NULL,NULL
7aacdc1a-1604-5d2f-8934-da9733b56b15,2026-09-08T00:00:00,2026-09-08T00:00:00,0,374c0821-ebc0-5b76-85d3-ab5521f68ab6,HIT,DAMAGE,1,1,10,NULL,5,LIGHTNING,false,NULL,NULL,NULL
72d4109a-18f0-5167-938a-ebb6721b34b1,2026-09-08T00:00:00,2026-09-08T00:00:00,0,67c2349b-9798-5d33-bca4-9ff0ca383696,SAVE_FAILURE,DAMAGE,0,10,10,NULL,55,LIGHTNING,false,NULL,NULL,NULL
9b2ea5b0-a617-5c6e-932d-1e0004f597c4,2026-09-08T00:00:00,2026-09-08T00:00:00,0,67c2349b-9798-5d33-bca4-9ff0ca383696,SAVE_SUCCESS,DAMAGE,1,NULL,NULL,NULL,NULL,NULL,true,NULL,NULL,NULL
ee4cf87f-cf78-53be-8646-5b3dc5de5e2d,2026-09-08T00:00:00,2026-09-08T00:00:00,0,939acfcf-75d5-566f-970f-56785938839c,SAVE_FAILURE,APPLY_CONDITION,0,NULL,NULL,NULL,NULL,NULL,false,c04d0000-0000-4000-a000-00000000000c,NULL,NULL
13861544-a91f-5d12-abb4-efb2a84b4e99,2026-09-08T00:00:00,2026-09-08T00:00:00,0,4806c254-5e7c-5fe3-8b5c-336cf2f1a95d,SAVE_FAILURE,DAMAGE,0,3,6,NULL,10,THUNDER,false,NULL,NULL,NULL
d4d6707c-da8d-545e-b99a-9fc54907f9d1,2026-09-08T00:00:00,2026-09-08T00:00:00,0,4806c254-5e7c-5fe3-8b5c-336cf2f1a95d,SAVE_FAILURE,APPLY_CONDITION,1,NULL,NULL,NULL,NULL,NULL,false,c04d0000-0000-4000-a000-000000000003,NULL,NULL
71256b07-be43-5b13-aed2-1370abed6a4e,2026-09-08T00:00:00,2026-09-08T00:00:00,0,9609490e-7421-574d-a45e-10b7ec918bd1,HIT,DAMAGE,0,2,8,9,18,SLASHING,false,NULL,NULL,NULL
dd9c6ee2-9109-52c4-8f27-14b276ec60dd,2026-09-08T00:00:00,2026-09-08T00:00:00,0,9609490e-7421-574d-a45e-10b7ec918bd1,HIT,DAMAGE,1,2,8,NULL,9,LIGHTNING,false,NULL,NULL,NULL
e69f1bc5-7964-59d6-a8f6-9d2aede293c9,2026-09-08T00:00:00,2026-09-08T00:00:00,0,8993fe54-45b0-5bd5-b15b-f6c1e4bc59d1,SAVE_FAILURE,DAMAGE,0,15,10,NULL,82,LIGHTNING,false,NULL,NULL,NULL
e12ed57d-3fd5-5725-b707-026ce6f38ae3,2026-09-08T00:00:00,2026-09-08T00:00:00,0,8993fe54-45b0-5bd5-b15b-f6c1e4bc59d1,SAVE_SUCCESS,DAMAGE,1,NULL,NULL,NULL,NULL,NULL,true,NULL,NULL,NULL
841f473b-7ef1-5b48-8d04-ce72e7d9dac6,2026-09-08T00:00:00,2026-09-08T00:00:00,0,c0119fbc-f7c0-5343-ae72-f91b2ccdf682,SAVE_FAILURE,APPLY_CONDITION,0,NULL,NULL,NULL,NULL,NULL,false,c04d0000-0000-4000-a000-00000000000c,NULL,NULL
bc519870-491b-5b83-aa6e-9cc99eadadf1,2026-09-08T00:00:00,2026-09-08T00:00:00,0,6b7cad8f-029c-5cf9-9264-3c4e0961e220,SAVE_FAILURE,DAMAGE,0,3,8,NULL,13,THUNDER,false,NULL,NULL,NULL
ac612ebf-7133-5301-a8a5-1a3072973ad1,2026-09-08T00:00:00,2026-09-08T00:00:00,0,6b7cad8f-029c-5cf9-9264-3c4e0961e220,SAVE_FAILURE,APPLY_CONDITION,1,NULL,NULL,NULL,NULL,NULL,false,c04d0000-0000-4000-a000-000000000003,NULL,NULL
602fb719-a0df-5104-924d-b4aeb1ef57aa,2026-09-08T00:00:00,2026-09-08T00:00:00,0,c714e129-9896-5065-a906-2d35431e6ca0,HIT,DAMAGE,0,3,6,3,13,PIERCING,false,NULL,NULL,NULL
6f07a140-3002-5be7-810b-95ade5931da7,2026-09-08T00:00:00,2026-09-08T00:00:00,0,e558d21c-9f94-58d5-a651-47cc125a6c3c,HIT,DAMAGE,0,2,8,3,12,PIERCING,false,NULL,NULL,NULL
46fee814-53a3-5ab5-b3e3-2836dbbe1fd3,2026-09-08T00:00:00,2026-09-08T00:00:00,0,774325aa-c02e-5bb5-985f-19051dbad77b,SAVE_FAILURE,APPLY_CONDITION,0,NULL,NULL,NULL,NULL,NULL,false,c04d0000-0000-4000-a000-000000000006,13,NULL
a68a1c5a-54de-5fc2-a074-3f7253506547,2026-09-08T00:00:00,2026-09-08T00:00:00,0,a25f7e1f-037f-5e8f-80d8-18cbb54bf6f3,HIT,DAMAGE,0,2,6,2,9,BLUDGEONING,false,NULL,NULL,NULL
17f131c6-d0ed-52b1-89f3-79d802ddfb80,2026-09-08T00:00:00,2026-09-08T00:00:00,0,a25f7e1f-037f-5e8f-80d8-18cbb54bf6f3,HIT,APPLY_CONDITION,1,NULL,NULL,NULL,NULL,NULL,false,c04d0000-0000-4000-a000-000000000006,12,NULL
4b6bd677-abf9-52b7-969c-2157f86f8795,2026-09-08T00:00:00,2026-09-08T00:00:00,0,2482b8d8-6d6d-5b02-91c6-52f17aa88248,HIT,DAMAGE,0,3,4,2,9,BLUDGEONING,false,NULL,NULL,NULL
e4fe4e0a-679b-5318-a855-1aca23517da0,2026-09-08T00:00:00,2026-09-08T00:00:00,0,867ceecc-e452-57fb-8661-3f3ca0546f1a,HIT,DAMAGE,0,2,12,4,17,PIERCING,false,NULL,NULL,NULL
572c2193-fbeb-5c54-9975-3bc6cd63e9b7,2026-09-08T00:00:00,2026-09-08T00:00:00,0,8ad5288c-5e2e-5cce-a941-bebe98dba6b0,SAVE_FAILURE,DAMAGE,0,3,12,NULL,19,BLUDGEONING,false,NULL,NULL,NULL
cc6e98ff-05f1-5856-b6e9-36bcf1ba56b6,2026-09-08T00:00:00,2026-09-08T00:00:00,0,8ad5288c-5e2e-5cce-a941-bebe98dba6b0,SAVE_FAILURE,APPLY_CONDITION,1,NULL,NULL,NULL,NULL,NULL,false,c04d0000-0000-4000-a000-00000000000c,NULL,NULL
3370a154-075f-5519-9877-71a08a0d09e6,2026-09-08T00:00:00,2026-09-08T00:00:00,0,8ad5288c-5e2e-5cce-a941-bebe98dba6b0,SAVE_SUCCESS,DAMAGE,2,NULL,NULL,NULL,NULL,NULL,true,NULL,NULL,NULL
8f1aec56-72a7-57f9-91e7-085f0c2f55cd,2026-09-08T00:00:00,2026-09-08T00:00:00,0,76aec4c7-a8b9-5ad8-8d00-c90d9dcfd57a,HIT,DAMAGE,0,1,10,4,9,PIERCING,false,NULL,NULL,NULL
652291cb-39a5-595c-bda4-23e312f78c6e,2026-09-08T00:00:00,2026-09-08T00:00:00,0,c85288df-d058-5ef2-b539-f95c65400a12,HIT,DAMAGE,0,1,8,2,6,PIERCING,false,NULL,NULL,NULL
31cffa10-b65f-55c4-9ef1-9203ca4b6c02,2026-09-08T00:00:00,2026-09-08T00:00:00,0,411da7c4-dcc9-56b3-986e-287ec287054f,SAVE_FAILURE,DAMAGE,0,1,6,4,7,BLUDGEONING,false,NULL,NULL,NULL
f2e52e34-1f92-50a1-b3e0-8fb75d6bb970,2026-09-08T00:00:00,2026-09-08T00:00:00,0,411da7c4-dcc9-56b3-986e-287ec287054f,SAVE_FAILURE,APPLY_CONDITION,1,NULL,NULL,NULL,NULL,NULL,false,c04d0000-0000-4000-a000-00000000000c,NULL,NULL
06948dca-f8cd-532a-8b73-1eaba39971cf,2026-09-08T00:00:00,2026-09-08T00:00:00,0,7102b2bc-965a-508e-9a17-58fe6386f904,HIT,DAMAGE,0,2,6,4,11,SLASHING,false,NULL,NULL,NULL
f04d12b0-e0ef-5f02-a381-dda4f4629b40,2026-09-08T00:00:00,2026-09-08T00:00:00,0,7102b2bc-965a-508e-9a17-58fe6386f904,HIT,APPLY_CONDITION,1,NULL,NULL,NULL,NULL,NULL,false,c04d0000-0000-4000-a000-000000000006,14,NULL
1f2e83d8-599d-58fb-8d31-381d44469b8c,2026-09-08T00:00:00,2026-09-08T00:00:00,0,7102b2bc-965a-508e-9a17-58fe6386f904,HIT,APPLY_CONDITION,2,NULL,NULL,NULL,NULL,NULL,false,c04d0000-0000-4000-a000-00000000000d,14,NULL
3daec51d-ec26-5f3d-99f0-8080a297a1de,2026-09-08T00:00:00,2026-09-08T00:00:00,0,6f284e33-cd8c-5cf2-a5d9-ff5bc0d92d12,SAVE_FAILURE,DAMAGE,0,2,4,4,9,FIRE,false,NULL,NULL,NULL
599f4960-04b5-581f-92e7-f11e82ca2eb0,2026-09-08T00:00:00,2026-09-08T00:00:00,0,6f284e33-cd8c-5cf2-a5d9-ff5bc0d92d12,SAVE_FAILURE,APPLY_CONDITION,1,NULL,NULL,NULL,NULL,NULL,false,c04d0000-0000-4000-a000-00000000000d,NULL,NULL
675f588f-decc-5fe4-b0a7-fdb9032a47ab,2026-09-08T00:00:00,2026-09-08T00:00:00,0,e56339de-de49-5f20-91c2-0d699af23100,SAVE_FAILURE,APPLY_CONDITION,0,NULL,NULL,NULL,NULL,NULL,false,c04d0000-0000-4000-a000-000000000005,NULL,NULL
ad4e2c0c-8033-54d2-a7dc-46eba2538872,2026-09-08T00:00:00,2026-09-08T00:00:00,0,eb1c953b-98b2-5b60-b81b-4e6d0026068d,HIT,DAMAGE,0,2,6,4,11,PIERCING,false,NULL,NULL,NULL
a8dbbaf2-a2d8-58bc-ab7b-e4e17b3e98d3,2026-09-08T00:00:00,2026-09-08T00:00:00,0,eb1c953b-98b2-5b60-b81b-4e6d0026068d,HIT,DAMAGE,1,4,6,4,18,PIERCING,false,NULL,NULL,NULL
7f027daa-d15e-5da0-8466-a1df9b807450,2026-09-08T00:00:00,2026-09-08T00:00:00,0,6494b352-f0dd-5d3c-919d-883c1f8aec31,HIT,DAMAGE,0,1,6,4,7,SLASHING,false,NULL,NULL,NULL
fb6d47f3-8bbf-5c66-b32f-451a8429c564,2026-09-08T00:00:00,2026-09-08T00:00:00,0,d59a3a83-665b-51ba-9bb3-b628fe382a9d,HIT,DAMAGE,0,1,12,4,10,BLUDGEONING,false,NULL,NULL,NULL
6a896b4c-f136-52e9-bfc7-107b765c84a9,2026-09-08T00:00:00,2026-09-08T00:00:00,0,d59a3a83-665b-51ba-9bb3-b628fe382a9d,HIT,APPLY_CONDITION,1,NULL,NULL,NULL,NULL,NULL,false,c04d0000-0000-4000-a000-00000000000c,NULL,NULL
22c6003c-5ace-500f-91ae-90c8f2d38821,2026-09-08T00:00:00,2026-09-08T00:00:00,0,15fb57db-4782-5eb8-9903-6e5b581c17b1,SAVE_FAILURE,DAMAGE,0,7,8,NULL,31,FIRE,false,NULL,NULL,NULL
a8cf7214-9292-52b9-82c5-6333efbd4c4a,2026-09-08T00:00:00,2026-09-08T00:00:00,0,15fb57db-4782-5eb8-9903-6e5b581c17b1,SAVE_SUCCESS,DAMAGE,1,NULL,NULL,NULL,NULL,NULL,true,NULL,NULL,NULL
b306d543-6c87-5269-9623-fd525d5e154e,2026-09-08T00:00:00,2026-09-08T00:00:00,0,c840db29-b4e6-5034-8dfc-149be6182a6f,HIT,DAMAGE,0,1,10,4,9,BLUDGEONING,false,NULL,NULL,NULL
efdd7219-6b92-581e-be3f-1b0ca63a0314,2026-09-08T00:00:00,2026-09-08T00:00:00,0,c840db29-b4e6-5034-8dfc-149be6182a6f,HIT,APPLY_CONDITION,1,NULL,NULL,NULL,NULL,NULL,false,c04d0000-0000-4000-a000-000000000006,14,NULL
a52db7ad-e1a6-5ab6-8f2a-9e3251e14212,2026-09-08T00:00:00,2026-09-08T00:00:00,0,fe54415e-5f1e-55de-b8fa-47932d2b9ce4,SAVE_FAILURE,APPLY_CONDITION,0,NULL,NULL,NULL,NULL,NULL,false,c04d0000-0000-4000-a000-00000000000b,NULL,NULL
802497fc-3fe7-54fa-be1b-260e81e7470d,2026-09-08T00:00:00,2026-09-08T00:00:00,0,fe54415e-5f1e-55de-b8fa-47932d2b9ce4,SAVE_FAILURE,APPLY_CONDITION,1,NULL,NULL,NULL,NULL,NULL,false,c04d0000-0000-4000-a000-000000000009,NULL,NULL
c093f860-08df-58c7-a39c-624086675fd9,2026-09-08T00:00:00,2026-09-08T00:00:00,0,1f3a8026-1369-5aa2-8f65-114e7040314d,HIT,DAMAGE,0,1,10,5,10,BLUDGEONING,false,NULL,NULL,NULL
baad271c-aa98-5bf3-bbb4-0d988eace495,2026-09-08T00:00:00,2026-09-08T00:00:00,0,1f3a8026-1369-5aa2-8f65-114e7040314d,HIT,DAMAGE,1,1,12,NULL,6,ACID,false,NULL,NULL,NULL
8d15b947-7e6c-5cfa-bc1b-fcb6924b0784,2026-09-08T00:00:00,2026-09-08T00:00:00,0,8698d8bd-081b-5d43-bc7a-a96abefc18b7,HIT,DAMAGE,0,3,6,3,13,PIERCING,false,NULL,NULL,NULL
b32e5d41-2032-5782-8b40-e54e3e171488,2026-09-08T00:00:00,2026-09-08T00:00:00,0,8698d8bd-081b-5d43-bc7a-a96abefc18b7,HIT,APPLY_CONDITION,1,NULL,NULL,NULL,NULL,NULL,false,c04d0000-0000-4000-a000-000000000001,NULL,NULL
412b3c23-e582-5ad6-864e-5fcd95cc9201,2026-09-08T00:00:00,2026-09-08T00:00:00,0,5d8d344e-962e-582e-8a81-5a3d6b08ba4b,HIT,DAMAGE,0,1,10,3,8,SLASHING,false,NULL,NULL,NULL
8db11b6b-a4a9-5704-80a8-eee77ca2f3c6,2026-09-08T00:00:00,2026-09-08T00:00:00,0,cf029915-827f-59ba-a8fa-61e5ba5eead8,SAVE_FAILURE,APPLY_CONDITION,0,NULL,NULL,NULL,NULL,NULL,false,c04d0000-0000-4000-a000-000000000005,NULL,NULL
d771cb2a-a727-582f-9d0d-f0c226ab7e8f,2026-09-08T00:00:00,2026-09-08T00:00:00,0,f1be79a1-34fc-5f6c-88d8-7e75c700d113,HIT,DAMAGE,0,3,8,8,21,BLUDGEONING,false,NULL,NULL,NULL
b3384504-23a7-59ee-9540-05ac1c180ab2,2026-09-08T00:00:00,2026-09-08T00:00:00,0,f1be79a1-34fc-5f6c-88d8-7e75c700d113,HIT,DAMAGE,1,2,6,NULL,7,THUNDER,false,NULL,NULL,NULL
f21da6b5-da65-526c-95ff-fc0782365ecd,2026-09-08T00:00:00,2026-09-08T00:00:00,0,33217f18-a57a-564d-a47b-c026feeef9ea,HIT,DAMAGE,0,3,6,8,18,THUNDER,false,NULL,NULL,NULL
fb933c36-a3fa-58cf-8d29-ecbb7346ab3e,2026-09-08T00:00:00,2026-09-08T00:00:00,0,33217f18-a57a-564d-a47b-c026feeef9ea,HIT,APPLY_CONDITION,1,NULL,NULL,NULL,NULL,NULL,false,c04d0000-0000-4000-a000-000000000007,NULL,NULL
bb8fc847-9286-5dce-a256-eb5460239ff2,2026-09-08T00:00:00,2026-09-08T00:00:00,0,8cffd79a-2d57-510e-acb6-268ddea7f288,HIT,DAMAGE,0,1,4,1,3,PIERCING,false,NULL,NULL,NULL
57e00036-1ad3-5070-89f4-c8560dfede88,2026-09-08T00:00:00,2026-09-08T00:00:00,0,8cffd79a-2d57-510e-acb6-268ddea7f288,SAVE_FAILURE,APPLY_CONDITION,1,NULL,NULL,NULL,NULL,NULL,false,c04d0000-0000-4000-a000-00000000000d,NULL,NULL
b758cfe0-20c1-55fd-9c5c-3ac1c65057f5,2026-09-08T00:00:00,2026-09-08T00:00:00,0,8cffd79a-2d57-510e-acb6-268ddea7f288,SAVE_FAILURE,APPLY_CONDITION,2,NULL,NULL,NULL,NULL,NULL,false,c04d0000-0000-4000-a000-00000000000a,NULL,NULL
e0872a26-d8ad-5481-b64a-5d2acf345577,2026-09-08T00:00:00,2026-09-08T00:00:00,0,aa9765af-81dd-53ff-bba3-d0ef128b88cd,HIT,DAMAGE,0,1,4,NULL,2,BLUDGEONING,false,NULL,NULL,NULL
6a60f0e0-d948-5f27-9e13-90daca49cb1f,2026-09-08T00:00:00,2026-09-08T00:00:00,0,29ef2c69-9870-5c05-b1a3-1a69435ef79e,HIT,DAMAGE,0,1,10,2,7,SLASHING,false,NULL,NULL,NULL
39501a8f-0bc0-542e-bdd8-840462314f50,2026-09-08T00:00:00,2026-09-08T00:00:00,0,06223267-4c8e-5d44-a0dc-b70043c3b97f,SAVE_FAILURE,DAMAGE,0,4,8,NULL,18,ACID,false,NULL,NULL,NULL
f68d9e64-b639-587b-afc7-2a326d9a817c,2026-09-08T00:00:00,2026-09-08T00:00:00,0,06223267-4c8e-5d44-a0dc-b70043c3b97f,SAVE_SUCCESS,DAMAGE,1,NULL,NULL,NULL,NULL,NULL,true,NULL,NULL,NULL
142b82ed-71f5-555b-8c1a-830b58032631,2026-09-08T00:00:00,2026-09-08T00:00:00,0,d0e5eb59-05e6-5be2-ae99-cbc7f2cbea6d,HIT,DAMAGE,0,2,10,4,15,SLASHING,false,NULL,NULL,NULL
089f14eb-e044-582d-827c-a04da655f7db,2026-09-08T00:00:00,2026-09-08T00:00:00,0,b332eda4-414b-54e6-8f4c-56e09216ffb6,SAVE_FAILURE,DAMAGE,0,9,8,NULL,40,ACID,false,NULL,NULL,NULL
88510c52-148f-55dc-bdf2-f067237ffe5f,2026-09-08T00:00:00,2026-09-08T00:00:00,0,b332eda4-414b-54e6-8f4c-56e09216ffb6,SAVE_SUCCESS,DAMAGE,1,NULL,NULL,NULL,NULL,NULL,true,NULL,NULL,NULL
a3791c5a-af42-53a7-bf6e-50cd93eab03c,2026-09-08T00:00:00,2026-09-08T00:00:00,0,7d73c838-1e74-5151-9135-56861b7a7f55,HIT,DAMAGE,0,2,10,6,17,SLASHING,false,NULL,NULL,NULL
73fa9f5e-ad4b-58de-9e31-1c57e0e901e1,2026-09-08T00:00:00,2026-09-08T00:00:00,0,7d73c838-1e74-5151-9135-56861b7a7f55,HIT,DAMAGE,1,1,8,NULL,4,ACID,false,NULL,NULL,NULL
5466d0a2-e275-5eff-83ca-91ff4d0b6153,2026-09-08T00:00:00,2026-09-08T00:00:00,0,a0e4ff17-7b43-5dcb-9f55-31bfc4b08cb2,SAVE_FAILURE,DAMAGE,0,12,8,NULL,54,ACID,false,NULL,NULL,NULL
015ed2d2-4ebd-5daf-aad0-a87173307bc0,2026-09-08T00:00:00,2026-09-08T00:00:00,0,a0e4ff17-7b43-5dcb-9f55-31bfc4b08cb2,SAVE_SUCCESS,DAMAGE,1,NULL,NULL,NULL,NULL,NULL,true,NULL,NULL,NULL
a46260b4-b473-5844-a033-cbe13dab530f,2026-09-08T00:00:00,2026-09-08T00:00:00,0,a2a86c8e-c317-559b-9a11-52be8d73ae47,SAVE_FAILURE,DAMAGE,0,7,6,NULL,24,PSYCHIC,false,NULL,NULL,NULL
094575e1-de98-574d-90cf-ab4545dbd756,2026-09-08T00:00:00,2026-09-08T00:00:00,0,0e64ce81-9ee2-536e-a189-1f819a3efe7a,HIT,DAMAGE,0,2,10,8,19,SLASHING,false,NULL,NULL,NULL
53b528fd-2ef5-5704-b74d-393f733a8057,2026-09-08T00:00:00,2026-09-08T00:00:00,0,0e64ce81-9ee2-536e-a189-1f819a3efe7a,HIT,DAMAGE,1,2,8,NULL,9,ACID,false,NULL,NULL,NULL
c282dba8-5321-56e9-98a2-4590eeab4d39,2026-09-08T00:00:00,2026-09-08T00:00:00,0,2c5dfcc3-0f5c-5d49-9084-874dd51093c7,SAVE_FAILURE,DAMAGE,0,14,8,NULL,63,ACID,false,NULL,NULL,NULL
651448f2-ec43-53c8-ac7a-a59148d448fe,2026-09-08T00:00:00,2026-09-08T00:00:00,0,2c5dfcc3-0f5c-5d49-9084-874dd51093c7,SAVE_SUCCESS,DAMAGE,1,NULL,NULL,NULL,NULL,NULL,true,NULL,NULL,NULL
27a963e5-cf32-527c-aa67-f9aadcb58945,2026-09-08T00:00:00,2026-09-08T00:00:00,0,4626705a-d32e-53ef-896f-246ea3db2588,SAVE_FAILURE,DAMAGE,0,9,6,NULL,31,PSYCHIC,false,NULL,NULL,NULL
d5f4125f-1b12-5e26-af44-2e4bc7249ee0,2026-09-08T00:00:00,2026-09-08T00:00:00,0,74acd5bd-a941-5545-b65b-b865a8bce00b,HIT,DAMAGE,0,1,12,5,11,PIERCING,false,NULL,NULL,NULL
2ce5d30e-209e-58e0-b968-f87d83588f30,2026-09-08T00:00:00,2026-09-08T00:00:00,0,74acd5bd-a941-5545-b65b-b865a8bce00b,HIT,APPLY_CONDITION,1,NULL,NULL,NULL,NULL,NULL,false,c04d0000-0000-4000-a000-00000000000b,NULL,NULL
276821c2-b7ac-5223-b7c1-b08d73cb531f,2026-09-08T00:00:00,2026-09-08T00:00:00,0,09819efb-656f-5d12-9d23-fe0311bc86f1,SAVE_FAILURE,DAMAGE,0,1,6,5,8,BLUDGEONING,false,NULL,NULL,NULL
8c64abed-28d4-5a6b-b67c-5b486be43d14,2026-09-08T00:00:00,2026-09-08T00:00:00,0,09819efb-656f-5d12-9d23-fe0311bc86f1,SAVE_FAILURE,APPLY_CONDITION,1,NULL,NULL,NULL,NULL,NULL,false,c04d0000-0000-4000-a000-000000000006,13,NULL
0eb03bd3-d399-5872-a814-bcc1d889590b,2026-09-08T00:00:00,2026-09-08T00:00:00,0,09819efb-656f-5d12-9d23-fe0311bc86f1,SAVE_FAILURE,APPLY_CONDITION,2,NULL,NULL,NULL,NULL,NULL,false,c04d0000-0000-4000-a000-00000000000d,13,NULL
e6d06dfe-eba7-526a-86de-1e971148fc30,2026-09-08T00:00:00,2026-09-08T00:00:00,0,31cbf439-f2e3-5f91-a7db-1a2e7ea75d68,HIT,DAMAGE,0,4,8,2,20,NECROTIC,false,NULL,NULL,NULL
3fd77fc1-50fb-536a-92d5-3fb0d062fb67,2026-09-08T00:00:00,2026-09-08T00:00:00,0,31cbf439-f2e3-5f91-a7db-1a2e7ea75d68,HIT,DAMAGE,1,2,8,2,11,NECROTIC,false,NULL,NULL,NULL
97460d03-2676-5ad5-92cb-f113f1fb44c2,2026-09-08T00:00:00,2026-09-08T00:00:00,0,31cbf439-f2e3-5f91-a7db-1a2e7ea75d68,HIT,APPLY_CONDITION,2,NULL,NULL,NULL,NULL,NULL,false,c04d0000-0000-4000-a000-00000000000c,NULL,NULL
25d419ec-7531-5d56-996f-8a9914217230,2026-09-08T00:00:00,2026-09-08T00:00:00,0,0a453c0d-3faa-5752-812f-4ab078217d60,HIT,DAMAGE,0,1,4,1,3,SLASHING,false,NULL,NULL,NULL
d4fd057a-2e8d-5db0-b9d1-8d97f396e50a,2026-09-08T00:00:00,2026-09-08T00:00:00,0,38c1e1c2-4ddc-5bf4-9005-eec454257855,HIT,DAMAGE,0,1,8,2,6,SLASHING,false,NULL,NULL,NULL
e32dfe9e-a0e1-5f1c-9a45-6c44807813c4,2026-09-08T00:00:00,2026-09-08T00:00:00,0,38c1e1c2-4ddc-5bf4-9005-eec454257855,HIT,DAMAGE,1,2,6,NULL,7,NECROTIC,false,NULL,NULL,NULL
55a7b4aa-6a8f-5c98-8da2-8b899e577417,2026-09-08T00:00:00,2026-09-08T00:00:00,0,88b3059b-4a26-5f9b-86ed-790bd1dc08bf,HIT,DAMAGE,0,1,6,3,6,BLUDGEONING,false,NULL,NULL,NULL
f9dd23f1-ca8e-504c-ab74-5967f5039508,2026-09-08T00:00:00,2026-09-08T00:00:00,0,88b3059b-4a26-5f9b-86ed-790bd1dc08bf,HIT,APPLY_CONDITION,1,NULL,NULL,NULL,NULL,NULL,false,c04d0000-0000-4000-a000-000000000001,NULL,NULL
5af134b6-0f3b-52d8-bc76-be6e7375bb84,2026-09-08T00:00:00,2026-09-08T00:00:00,0,dc2fe3bf-5bc9-5067-8a5f-f840df09b196,HIT,DAMAGE,0,1,4,2,4,PIERCING,false,NULL,NULL,NULL
d96b8d24-9f85-5ff3-872e-35a9a7739085,2026-09-08T00:00:00,2026-09-08T00:00:00,0,dc2fe3bf-5bc9-5067-8a5f-f840df09b196,SAVE_FAILURE,APPLY_CONDITION,1,NULL,NULL,NULL,NULL,NULL,false,c04d0000-0000-4000-a000-00000000000b,NULL,NULL
842d2443-c632-52f0-99f7-da99acdc1e45,2026-09-08T00:00:00,2026-09-08T00:00:00,0,1b2a0b95-f1dd-56b0-9085-dd3f729f1327,HIT,DAMAGE,0,1,6,4,7,BLUDGEONING,false,NULL,NULL,NULL
fe2c1367-4cb2-5014-bfb9-35a7ad7ca74a,2026-09-08T00:00:00,2026-09-08T00:00:00,0,1b2a0b95-f1dd-56b0-9085-dd3f729f1327,HIT,DAMAGE,1,4,8,NULL,18,RADIANT,false,NULL,NULL,NULL
4dc31eb4-3e28-5502-9176-094893393df3,2026-09-08T00:00:00,2026-09-08T00:00:00,0,10c15896-88b1-52dd-85aa-9d8abd994191,HIT,DAMAGE,0,2,6,5,12,SLASHING,false,NULL,NULL,NULL
8d33407d-c74e-5b17-85a1-275851f0faf3,2026-09-08T00:00:00,2026-09-08T00:00:00,0,10c15896-88b1-52dd-85aa-9d8abd994191,HIT,DAMAGE,1,2,6,NULL,7,LIGHTNING,false,NULL,NULL,NULL
b7d18848-320a-56f2-9a83-ba0c593064ea,2026-09-08T00:00:00,2026-09-08T00:00:00,0,0d42cb4f-f1bb-5724-b0b0-59a9c2533677,HIT,DAMAGE,0,3,8,NULL,13,THUNDER,false,NULL,NULL,NULL
796533d5-79a7-51e5-b923-d7337b844204,2026-09-08T00:00:00,2026-09-08T00:00:00,0,0d42cb4f-f1bb-5724-b0b0-59a9c2533677,HIT,APPLY_CONDITION,1,NULL,NULL,NULL,NULL,NULL,false,c04d0000-0000-4000-a000-00000000000c,NULL,NULL
0161cecb-8b12-5f7a-8f08-646c14026030,2026-09-08T00:00:00,2026-09-08T00:00:00,0,dc1495c7-4651-51d3-9170-f90f6b160d28,SAVE_FAILURE,DAMAGE,0,6,6,NULL,21,THUNDER,false,NULL,NULL,NULL
c3f28c60-d815-55cf-af4c-196fc1024bd9,2026-09-08T00:00:00,2026-09-08T00:00:00,0,dc1495c7-4651-51d3-9170-f90f6b160d28,SAVE_FAILURE,APPLY_CONDITION,1,NULL,NULL,NULL,NULL,NULL,false,c04d0000-0000-4000-a000-00000000000d,NULL,NULL
c95c4de1-67e6-5297-b2c9-1e3113154029,2026-09-08T00:00:00,2026-09-08T00:00:00,0,6dbc0b80-f7aa-52c7-9b72-0dd90053f8d8,HIT,DAMAGE,0,2,6,4,11,BLUDGEONING,false,NULL,NULL,NULL
8adeb507-0b77-5fe1-a35a-945101b1e5ef,2026-09-08T00:00:00,2026-09-08T00:00:00,0,591342b9-1499-555e-bf76-d128ea1a8e90,SAVE_FAILURE,APPLY_CONDITION,0,NULL,NULL,NULL,NULL,NULL,false,c04d0000-0000-4000-a000-000000000005,NULL,NULL
453eb47a-8357-5403-b69d-1ed1d2b0d222,2026-09-08T00:00:00,2026-09-08T00:00:00,0,f66feba5-a58b-5d35-89fb-e5600374bc62,HIT,DAMAGE,0,3,10,7,23,PIERCING,false,NULL,NULL,NULL
2882ef60-ea73-5397-a42e-ecd7297428c6,2026-09-08T00:00:00,2026-09-08T00:00:00,0,f66feba5-a58b-5d35-89fb-e5600374bc62,HIT,DAMAGE,1,2,6,NULL,7,FIRE,false,NULL,NULL,NULL
9adbaaae-4bb9-5691-afe3-6654ba7e317d,2026-09-08T00:00:00,2026-09-08T00:00:00,0,8e74a850-67aa-5f5c-99f7-076967fcfa04,HIT,DAMAGE,0,2,10,7,18,BLUDGEONING,false,NULL,NULL,NULL
6f798bc0-7c0f-5f9a-8ef2-51da410c5b80,2026-09-08T00:00:00,2026-09-08T00:00:00,0,8e74a850-67aa-5f5c-99f7-076967fcfa04,HIT,APPLY_CONDITION,1,NULL,NULL,NULL,NULL,NULL,false,c04d0000-0000-4000-a000-00000000000c,NULL,NULL
15bd5528-960e-5610-9c7f-b3cb45a37d1b,2026-09-08T00:00:00,2026-09-08T00:00:00,0,f0aaa8a1-2961-594a-9dfb-1ca58f9a53fc,SAVE_FAILURE,DAMAGE,0,16,6,NULL,56,FIRE,false,NULL,NULL,NULL
afc07a95-9a52-590f-9344-b145ea9fe29c,2026-09-08T00:00:00,2026-09-08T00:00:00,0,f0aaa8a1-2961-594a-9dfb-1ca58f9a53fc,SAVE_SUCCESS,DAMAGE,1,NULL,NULL,NULL,NULL,NULL,true,NULL,NULL,NULL
d36ec6cc-5c7b-513f-aa77-2a8bfe381cfb,2026-09-08T00:00:00,2026-09-08T00:00:00,0,3f1ebeb5-bf3a-51a4-94d1-7c9d853b261a,HIT,DAMAGE,0,1,6,1,4,SLASHING,false,NULL,NULL,NULL
8d52ac7d-e63d-5cbf-897d-5a8885ad63f2,2026-09-08T00:00:00,2026-09-08T00:00:00,0,1efbb986-cc15-59b6-b1e1-43a21ea83500,SAVE_FAILURE,APPLY_CONDITION,0,NULL,NULL,NULL,NULL,NULL,false,c04d0000-0000-4000-a000-00000000000b,NULL,NULL
bd7895be-762b-511b-a164-fb239352cf78,2026-09-08T00:00:00,2026-09-08T00:00:00,0,fffbbc29-a820-54cc-ab57-1599603eca0f,HIT,DAMAGE,0,2,8,4,13,PIERCING,false,NULL,NULL,NULL
87d8b877-13a7-547b-8fb8-fd4066f64cd7,2026-09-08T00:00:00,2026-09-08T00:00:00,0,3ce6c9e7-c76a-5f4c-ad34-c7c6df1e5da3,HIT,DAMAGE,0,3,6,3,13,POISON,false,NULL,NULL,NULL
b6c0cce5-b366-5340-84ac-1632d66e26ad,2026-09-08T00:00:00,2026-09-08T00:00:00,0,8ca52586-c8d2-5a72-88cb-5c27d4e3f160,HIT,DAMAGE,0,1,8,3,7,BLUDGEONING,false,NULL,NULL,NULL
04edfc01-5f62-5139-ab06-cfb8041d3ff8,2026-09-08T00:00:00,2026-09-08T00:00:00,0,8ca52586-c8d2-5a72-88cb-5c27d4e3f160,HIT,DAMAGE,1,1,4,NULL,2,POISON,false,NULL,NULL,NULL
388936ec-1c8e-5ac2-9678-a99a91edff90,2026-09-08T00:00:00,2026-09-08T00:00:00,0,82337bc8-7e88-5cb3-826e-f60c872e68d4,HIT,DAMAGE,0,3,6,NULL,10,RADIANT,false,NULL,NULL,NULL
8e499e6d-4504-50e2-b7a5-615c0181dfa0,2026-09-08T00:00:00,2026-09-08T00:00:00,0,ec84d781-7a0e-51b2-be97-74ece046ed09,HIT,DAMAGE,0,1,8,4,8,SLASHING,false,NULL,NULL,NULL
991d3c59-ce1c-522b-b6b1-9dc6de28edb4,2026-09-08T00:00:00,2026-09-08T00:00:00,0,f8965580-dbb1-5886-8708-4e303b107fd4,HIT,DAMAGE,0,1,6,4,7,PIERCING,false,NULL,NULL,NULL
2161290f-2b11-5229-a854-1e79d7e776d6,2026-09-08T00:00:00,2026-09-08T00:00:00,0,13fce0fe-a34b-5596-8f9b-1c4662845444,HIT,DAMAGE,0,2,8,5,14,BLUDGEONING,false,NULL,NULL,NULL
98045aa5-f40c-5f16-96d0-56718856111a,2026-09-08T00:00:00,2026-09-08T00:00:00,0,c3c11183-6894-5c6a-a837-2cfb739170ee,HIT,DAMAGE,0,1,6,5,8,BLUDGEONING,false,NULL,NULL,NULL
ad3ded0f-599b-5112-81f6-a3b140eaa9f6,2026-09-08T00:00:00,2026-09-08T00:00:00,0,c3c11183-6894-5c6a-a837-2cfb739170ee,HIT,APPLY_CONDITION,1,NULL,NULL,NULL,NULL,NULL,false,c04d0000-0000-4000-a000-00000000000c,NULL,NULL
f4a7c094-9500-5d88-b3a4-9b16d6994131,2026-09-08T00:00:00,2026-09-08T00:00:00,0,424925a3-7f59-5fdc-b135-79e81acafde8,HIT,DAMAGE,0,2,6,6,13,SLASHING,false,NULL,NULL,NULL
57c26cdb-c370-5b83-9f01-8fea53f365f8,2026-09-08T00:00:00,2026-09-08T00:00:00,0,424925a3-7f59-5fdc-b135-79e81acafde8,HIT,DAMAGE,1,2,12,NULL,13,FIRE,false,NULL,NULL,NULL
4a31c6cc-8687-52f3-b38a-65da4f875bf4,2026-09-08T00:00:00,2026-09-08T00:00:00,0,535af708-4aa6-52e5-abd9-84cd21100d7c,HIT,DAMAGE,0,7,6,NULL,24,FIRE,false,NULL,NULL,NULL
3891f924-4ced-54cf-af1b-f0245f1602db,2026-09-08T00:00:00,2026-09-08T00:00:00,0,d54aeaf8-2253-5b98-95d1-e815090d166f,HIT,DAMAGE,0,2,8,4,13,SLASHING,false,NULL,NULL,NULL
0a22a8b1-3186-5710-97a6-ff4612883060,2026-09-08T00:00:00,2026-09-08T00:00:00,0,d54aeaf8-2253-5b98-95d1-e815090d166f,HIT,DAMAGE,1,2,10,NULL,11,NECROTIC,false,NULL,NULL,NULL
1577b7b5-fe3b-5d69-8956-0a8868d6f0a5,2026-09-08T00:00:00,2026-09-08T00:00:00,0,0f4c971b-db4b-52b0-821d-dfff5f99e98d,SAVE_FAILURE,DAMAGE,0,4,6,NULL,14,FORCE,false,NULL,NULL,NULL
238f2f36-55c1-5403-8e70-63c9139728ff,2026-09-08T00:00:00,2026-09-08T00:00:00,0,0f4c971b-db4b-52b0-821d-dfff5f99e98d,SAVE_FAILURE,APPLY_CONDITION,1,NULL,NULL,NULL,NULL,NULL,false,c04d0000-0000-4000-a000-00000000000d,NULL,NULL
e1b11a64-fe23-56d3-8db6-c3f2b6d1e578,2026-09-08T00:00:00,2026-09-08T00:00:00,0,650c837b-df0e-5780-ba3c-262ac995fff8,HIT,DAMAGE,0,1,6,2,5,PIERCING,false,NULL,NULL,NULL
81d870aa-201d-5048-906a-6f4cefd75859,2026-09-08T00:00:00,2026-09-08T00:00:00,0,650c837b-df0e-5780-ba3c-262ac995fff8,HIT,DAMAGE,1,1,4,NULL,2,POISON,false,NULL,NULL,NULL
97e7d62e-9a76-5b0b-9b62-3c2adfcab031,2026-09-08T00:00:00,2026-09-08T00:00:00,0,650c837b-df0e-5780-ba3c-262ac995fff8,HIT,APPLY_CONDITION,2,NULL,NULL,NULL,NULL,NULL,false,c04d0000-0000-4000-a000-00000000000b,NULL,NULL
38a63947-9511-5a99-9ac6-62ede716a8fb,2026-09-08T00:00:00,2026-09-08T00:00:00,0,c7034b0f-b8ec-5a77-b770-770ba3615206,HIT,DAMAGE,0,2,4,2,7,SLASHING,false,NULL,NULL,NULL
3f7acdd9-e214-59f9-98e5-2ff34ba8723c,2026-09-08T00:00:00,2026-09-08T00:00:00,0,4babc958-dc4a-54d8-bd69-e7f6e27f3a15,SAVE_FAILURE,APPLY_CONDITION,0,NULL,NULL,NULL,NULL,NULL,false,c04d0000-0000-4000-a000-00000000000d,NULL,NULL
709fc2d4-819b-523d-82b5-309346cf0a64,2026-09-08T00:00:00,2026-09-08T00:00:00,0,e3b42b49-ad63-5a9f-bc25-7b23b048681e,HIT,DAMAGE,0,2,8,5,14,SLASHING,false,NULL,NULL,NULL
72527d88-5cc6-521b-bd69-43ec06f726ed,2026-09-08T00:00:00,2026-09-08T00:00:00,0,e3b42b49-ad63-5a9f-bc25-7b23b048681e,HIT,APPLY_CONDITION,1,NULL,NULL,NULL,NULL,NULL,false,c04d0000-0000-4000-a000-00000000000c,NULL,NULL
ef35ff09-6cee-5d86-96f2-75c2f3942659,2026-09-08T00:00:00,2026-09-08T00:00:00,0,18d97902-b4da-5cd5-a971-e0ac55537d82,HIT,DAMAGE,0,2,8,5,14,PIERCING,false,NULL,NULL,NULL
63743b3f-8462-5b59-8a92-fe75b72546e0,2026-09-08T00:00:00,2026-09-08T00:00:00,0,c56c0f00-4beb-51b6-9855-9b4b4982c27f,ALWAYS,DAMAGE,0,1,10,NULL,5,FIRE,false,NULL,NULL,NULL
6f5c69d1-9393-5771-82f7-a49839346af6,2026-09-08T00:00:00,2026-09-08T00:00:00,0,40cd0b39-b8f8-5cfd-9d42-2d5f3164f966,ALWAYS,DAMAGE,0,1,10,NULL,5,FIRE,false,NULL,NULL,NULL
4949c2ae-436d-5f38-858a-186bcc0eb21d,2026-09-08T00:00:00,2026-09-08T00:00:00,0,6b0530ca-accf-5533-8318-5d1e436b22a6,ALWAYS,DAMAGE,0,1,6,NULL,3,COLD,false,NULL,NULL,NULL
3cd34ccc-dda1-5ac5-9695-2541485f3a07,2026-09-08T00:00:00,2026-09-08T00:00:00,0,8d383230-917f-5b76-83af-ab76782fa7eb,HIT,DAMAGE,0,2,6,3,10,FIRE,false,NULL,NULL,NULL
6920ec31-8362-5d62-8e71-fd22da5c0818,2026-09-08T00:00:00,2026-09-08T00:00:00,0,3a7854c5-3717-53ff-8d36-985ea72c156f,HIT,DAMAGE,0,4,6,7,21,SLASHING,false,NULL,NULL,NULL
0bb2d571-b986-5e61-8589-f1eeb5554923,2026-09-08T00:00:00,2026-09-08T00:00:00,0,3a7854c5-3717-53ff-8d36-985ea72c156f,HIT,DAMAGE,1,3,6,NULL,10,FIRE,false,NULL,NULL,NULL
fc93c132-15e0-5c4a-aed9-6259ba1109fa,2026-09-08T00:00:00,2026-09-08T00:00:00,0,b4fdfb7a-3518-5b7f-ae4d-bf95beafc415,HIT,DAMAGE,0,3,10,7,23,BLUDGEONING,false,NULL,NULL,NULL
3e01444d-4603-57e4-8351-bef22c8a3cee,2026-09-08T00:00:00,2026-09-08T00:00:00,0,b4fdfb7a-3518-5b7f-ae4d-bf95beafc415,HIT,DAMAGE,1,1,8,NULL,4,FIRE,false,NULL,NULL,NULL
b3f82167-b5a4-566b-945d-e8d1fa3ae1b2,2026-09-08T00:00:00,2026-09-08T00:00:00,0,3bd12552-9969-59ac-b4f0-254bd88ff434,HIT,DAMAGE,0,2,8,4,13,BLUDGEONING,false,NULL,NULL,NULL
5033153b-7a18-5a2f-a761-ed43b06255fa,2026-09-08T00:00:00,2026-09-08T00:00:00,0,3bd12552-9969-59ac-b4f0-254bd88ff434,HIT,DAMAGE,1,1,8,NULL,4,LIGHTNING,false,NULL,NULL,NULL
09b369c0-ab87-53c9-84bc-c72c6f76d2e2,2026-09-08T00:00:00,2026-09-08T00:00:00,0,f9c03737-c1c5-5ad1-b867-3d38f280cf00,HIT,DAMAGE,0,2,12,6,19,SLASHING,false,NULL,NULL,NULL
93623fcd-a465-5116-b16d-a7e90079bc1e,2026-09-08T00:00:00,2026-09-08T00:00:00,0,f9c03737-c1c5-5ad1-b867-3d38f280cf00,HIT,DAMAGE,1,2,8,NULL,9,COLD,false,NULL,NULL,NULL
2de92858-0a2e-5a30-b6a2-e03259d808e8,2026-09-08T00:00:00,2026-09-08T00:00:00,0,d6558388-f413-538e-a76e-e21a8c383dff,HIT,DAMAGE,0,2,10,6,17,PIERCING,false,NULL,NULL,NULL
c2bab54a-a717-560e-902d-4728e6759e79,2026-09-08T00:00:00,2026-09-08T00:00:00,0,d6558388-f413-538e-a76e-e21a8c383dff,HIT,DAMAGE,1,2,6,NULL,7,COLD,false,NULL,NULL,NULL
07ab34a7-6b6b-5d2a-b20d-5f5614436405,2026-09-08T00:00:00,2026-09-08T00:00:00,0,8cde1b61-3e1f-5395-b8f4-6572e60eabb8,HIT,DAMAGE,0,1,8,NULL,4,NECROTIC,false,NULL,NULL,NULL
2d6d3d85-a640-5407-ab99-b40708f6f252,2026-09-08T00:00:00,2026-09-08T00:00:00,0,cd589842-f821-558b-8fb1-e083e7a9f497,HIT,DAMAGE,0,2,4,2,7,SLASHING,false,NULL,NULL,NULL
88c24f09-2d44-57e6-a579-4d9ccb6dda25,2026-09-08T00:00:00,2026-09-08T00:00:00,0,a3d5fdf7-df97-5a27-8ceb-fdc721f9ad6c,ALWAYS,DAMAGE,0,3,6,NULL,10,ACID,false,NULL,NULL,NULL
5ee54905-d67c-55a4-b475-6651bff15676,2026-09-08T00:00:00,2026-09-08T00:00:00,0,dfd7ac4f-95d9-5e76-9b07-6a395e4b7efe,HIT,DAMAGE,0,3,6,2,12,ACID,false,NULL,NULL,NULL
78a8185c-aa1c-52d6-9efd-2ef8f35e66f1,2026-09-08T00:00:00,2026-09-08T00:00:00,0,4c980cfe-60f6-5744-b38e-0dc52848f7e9,SAVE_FAILURE,DAMAGE,0,3,6,NULL,10,ACID,false,NULL,NULL,NULL
d4da6fcf-825c-5ec2-90d9-0880af7f2780,2026-09-08T00:00:00,2026-09-08T00:00:00,0,4c980cfe-60f6-5744-b38e-0dc52848f7e9,SAVE_FAILURE,DAMAGE,1,3,6,NULL,10,ACID,false,NULL,NULL,NULL
7b1ec2c8-a91b-53fa-be47-2121856244d7,2026-09-08T00:00:00,2026-09-08T00:00:00,0,4c980cfe-60f6-5744-b38e-0dc52848f7e9,SAVE_FAILURE,APPLY_CONDITION,2,NULL,NULL,NULL,NULL,NULL,false,c04d0000-0000-4000-a000-00000000000d,NULL,NULL
05fa385f-cba8-5838-b2bc-1efa1b728a8a,2026-09-08T00:00:00,2026-09-08T00:00:00,0,4c980cfe-60f6-5744-b38e-0dc52848f7e9,SAVE_SUCCESS,DAMAGE,3,NULL,NULL,NULL,NULL,NULL,true,NULL,NULL,NULL
74a31114-7cb1-5b48-a9ee-7cd2444347ce,2026-09-08T00:00:00,2026-09-08T00:00:00,0,8b94f806-cfe8-5a6a-8e56-6d9a5793b8c8,SAVE_FAILURE,APPLY_CONDITION,0,NULL,NULL,NULL,NULL,NULL,false,c04d0000-0000-4000-a000-00000000000b,NULL,NULL
7fc37d3b-9a63-5985-bac2-60ba14ebd008,2026-09-08T00:00:00,2026-09-08T00:00:00,0,b21a3b63-5ab6-50ee-9810-562d23bedc10,HIT,DAMAGE,0,1,8,3,7,PIERCING,false,NULL,NULL,NULL
d61fa297-7cd0-5b6b-ac15-eb1f8faa1513,2026-09-08T00:00:00,2026-09-08T00:00:00,0,b21a3b63-5ab6-50ee-9810-562d23bedc10,HIT,DAMAGE,1,2,8,NULL,9,NECROTIC,false,NULL,NULL,NULL
119b8676-a3f3-51e1-a0c4-7f5f8e2fa6e5,2026-09-08T00:00:00,2026-09-08T00:00:00,0,c0a16560-084b-5154-88a5-ce3a9a285787,HIT,DAMAGE,0,2,6,3,10,SLASHING,false,NULL,NULL,NULL
49dbad39-36d9-5301-b7b9-6659c53b66c0,2026-09-08T00:00:00,2026-09-08T00:00:00,0,c0a16560-084b-5154-88a5-ce3a9a285787,SAVE_FAILURE,APPLY_CONDITION,1,NULL,NULL,NULL,NULL,NULL,false,c04d0000-0000-4000-a000-000000000009,NULL,NULL
4e940df0-7e98-584a-bd8b-bb283c8b73c6,2026-09-08T00:00:00,2026-09-08T00:00:00,0,06668465-0cf2-5b34-b8eb-4c33cf69b950,ALWAYS,DAMAGE,0,1,10,NULL,5,FORCE,false,NULL,NULL,NULL
d4268020-54f7-5335-a28b-bb1c1ebf803f,2026-09-08T00:00:00,2026-09-08T00:00:00,0,ff1d1362-b2d9-565c-b535-78281fb16d7d,HIT,DAMAGE,0,3,10,3,19,NECROTIC,false,NULL,NULL,NULL
8353cbcf-374a-53e3-83e7-ff245b502266,2026-09-08T00:00:00,2026-09-08T00:00:00,0,01477a5d-c282-5475-8ac6-f61e88cba755,SAVE_FAILURE,DAMAGE,0,2,6,3,10,PSYCHIC,false,NULL,NULL,NULL
7ceadfd1-dd0e-5edc-b68f-89e010728f55,2026-09-08T00:00:00,2026-09-08T00:00:00,0,01477a5d-c282-5475-8ac6-f61e88cba755,SAVE_FAILURE,APPLY_CONDITION,1,NULL,NULL,NULL,NULL,NULL,false,c04d0000-0000-4000-a000-000000000005,NULL,NULL
c244d63b-9720-5a9d-8853-ff1cae6b1967,2026-09-08T00:00:00,2026-09-08T00:00:00,0,a0e0be93-c02f-5d81-b16f-45ce7c2cebdb,SAVE_FAILURE,APPLY_CONDITION,0,NULL,NULL,NULL,NULL,NULL,false,c04d0000-0000-4000-a000-000000000007,NULL,NULL
319c04cf-3f37-5c56-b3b6-722ae11a13f4,2026-09-08T00:00:00,2026-09-08T00:00:00,0,fb2d7c0c-4d14-532f-8d98-cc4b6fbcda2a,HIT,DAMAGE,0,1,6,2,5,PIERCING,false,NULL,NULL,NULL
07eaa417-672b-5860-8843-5aa9370670d4,2026-09-08T00:00:00,2026-09-08T00:00:00,0,fb2d7c0c-4d14-532f-8d98-cc4b6fbcda2a,HIT,DAMAGE,1,1,6,NULL,3,NECROTIC,false,NULL,NULL,NULL
462b624d-9588-50d5-9fbe-419bd07e4182,2026-09-08T00:00:00,2026-09-08T00:00:00,0,12d3b62d-65fe-583e-affb-1d9881039c9d,HIT,DAMAGE,0,1,4,2,4,SLASHING,false,NULL,NULL,NULL
70e0a0ec-abb0-57a9-8a9c-67273b701fbd,2026-09-08T00:00:00,2026-09-08T00:00:00,0,12d3b62d-65fe-583e-affb-1d9881039c9d,SAVE_FAILURE,APPLY_CONDITION,1,NULL,NULL,NULL,NULL,NULL,false,c04d0000-0000-4000-a000-000000000009,NULL,NULL
6d11719e-a948-5dcf-bb00-50ff85a7e99b,2026-09-08T00:00:00,2026-09-08T00:00:00,0,ddc5f32f-cffc-5004-bcf5-5e0512f9d56f,HIT,DAMAGE,0,2,6,NULL,7,PIERCING,false,NULL,NULL,NULL
b908b405-6180-5d15-b983-13c95ac3a227,2026-09-08T00:00:00,2026-09-08T00:00:00,0,ddc5f32f-cffc-5004-bcf5-5e0512f9d56f,HIT,APPLY_CONDITION,1,NULL,NULL,NULL,NULL,NULL,false,c04d0000-0000-4000-a000-00000000000c,NULL,NULL
9a176c73-1a33-5eb2-8b76-a1402291f2c8,2026-09-08T00:00:00,2026-09-08T00:00:00,0,d8a6e63d-8a4f-5585-88ab-0f4d381d2925,SAVE_FAILURE,DAMAGE,0,2,6,NULL,7,RADIANT,false,NULL,NULL,NULL
08d0d0e6-21e9-596e-8310-26ce191b820b,2026-09-08T00:00:00,2026-09-08T00:00:00,0,d8a6e63d-8a4f-5585-88ab-0f4d381d2925,SAVE_FAILURE,APPLY_CONDITION,1,NULL,NULL,NULL,NULL,NULL,false,c04d0000-0000-4000-a000-000000000001,NULL,NULL
ba295f2e-d707-5af1-9487-2e59913c84af,2026-09-08T00:00:00,2026-09-08T00:00:00,0,66858ba9-2851-50b3-ba8c-50bd2d527cf9,HIT,DAMAGE,0,2,10,5,16,SLASHING,false,NULL,NULL,NULL
df240983-b14b-5d20-98c9-7436fb202914,2026-09-08T00:00:00,2026-09-08T00:00:00,0,66858ba9-2851-50b3-ba8c-50bd2d527cf9,HIT,APPLY_CONDITION,1,NULL,NULL,NULL,NULL,NULL,false,c04d0000-0000-4000-a000-000000000006,15,NULL
731a6a63-8009-57c1-ba22-3103ccf477e5,2026-09-08T00:00:00,2026-09-08T00:00:00,0,d5d60582-d08d-5df4-abfe-41bef50a18af,SAVE_FAILURE,DAMAGE,0,3,6,5,15,BLUDGEONING,false,NULL,NULL,NULL
4de387f9-aa41-594f-bb66-75a4e3d0901f,2026-09-08T00:00:00,2026-09-08T00:00:00,0,d5d60582-d08d-5df4-abfe-41bef50a18af,SAVE_SUCCESS,DAMAGE,1,NULL,NULL,NULL,NULL,NULL,true,NULL,NULL,NULL
4aff42e6-f771-5cbf-8153-061a7df1118e,2026-09-08T00:00:00,2026-09-08T00:00:00,0,422564ed-4750-5958-8030-74355a557bcd,HIT,DAMAGE,0,2,6,4,11,PIERCING,false,NULL,NULL,NULL
62e00036-cae5-541c-afd2-591470245328,2026-09-08T00:00:00,2026-09-08T00:00:00,0,9062399e-ff05-5eee-9b60-6b7ede8f9f5a,SAVE_FAILURE,DAMAGE,0,2,4,4,9,BLUDGEONING,false,NULL,NULL,NULL
036fc580-bacc-525f-96c9-ffff986744d6,2026-09-08T00:00:00,2026-09-08T00:00:00,0,9062399e-ff05-5eee-9b60-6b7ede8f9f5a,SAVE_FAILURE,APPLY_CONDITION,1,NULL,NULL,NULL,NULL,NULL,false,c04d0000-0000-4000-a000-00000000000c,NULL,NULL
8b852fb1-a98b-5cd3-a270-10d6410f5f91,2026-09-08T00:00:00,2026-09-08T00:00:00,0,1a0ac6da-4761-509f-9a50-0e67d44299bf,HIT,DAMAGE,0,1,6,2,5,PIERCING,false,NULL,NULL,NULL
6ba66041-761f-5611-baf1-696ea900788c,2026-09-08T00:00:00,2026-09-08T00:00:00,0,6aa07482-d359-59b1-b6f8-81e6aff98713,HIT,DAMAGE,0,1,10,1,6,PIERCING,false,NULL,NULL,NULL
4f6b8989-22f2-58d7-86fe-95564e052849,2026-09-08T00:00:00,2026-09-08T00:00:00,0,8a4992b1-b236-5e7a-bff3-383a58a4cfee,HIT,DAMAGE,0,1,4,2,4,PIERCING,false,NULL,NULL,NULL
2f57655f-1ac1-5f73-9b5c-31edad34bb1f,2026-09-08T00:00:00,2026-09-08T00:00:00,0,e796320e-f27c-5de5-a9fc-b07b797e650c,HIT,DAMAGE,0,1,6,2,5,SLASHING,false,NULL,NULL,NULL
99d716de-df3a-5f98-972d-48fccc81da01,2026-09-08T00:00:00,2026-09-08T00:00:00,0,e796320e-f27c-5de5-a9fc-b07b797e650c,HIT,DAMAGE,1,1,4,NULL,2,SLASHING,false,NULL,NULL,NULL
5b3d9cd3-dca2-5bb9-9bd1-c412d548d61e,2026-09-08T00:00:00,2026-09-08T00:00:00,0,777b62ff-01c5-5886-9a74-f99787d73a91,HIT,DAMAGE,0,1,6,2,5,PIERCING,false,NULL,NULL,NULL
d9c18fba-dd0a-57d4-a71b-fe8c1c318999,2026-09-08T00:00:00,2026-09-08T00:00:00,0,777b62ff-01c5-5886-9a74-f99787d73a91,HIT,DAMAGE,1,1,4,NULL,2,PIERCING,false,NULL,NULL,NULL
aa4f1011-12db-5726-9439-0fae39b27860,2026-09-08T00:00:00,2026-09-08T00:00:00,0,73afbc57-f821-5f71-b32a-452bfca38c7d,HIT,DAMAGE,0,1,6,2,5,SLASHING,false,NULL,NULL,NULL
e7873559-81d3-512c-aed1-fe2df2fedbe1,2026-09-08T00:00:00,2026-09-08T00:00:00,0,73afbc57-f821-5f71-b32a-452bfca38c7d,HIT,DAMAGE,1,1,4,NULL,2,SLASHING,false,NULL,NULL,NULL
e63f1b7c-f1bc-58df-82a1-2f204a1004ab,2026-09-08T00:00:00,2026-09-08T00:00:00,0,7110a5d5-c604-5161-914e-b43ed2670ff9,HIT,DAMAGE,0,1,6,2,5,PIERCING,false,NULL,NULL,NULL
a6065119-ee68-505b-98fb-412d035376f0,2026-09-08T00:00:00,2026-09-08T00:00:00,0,7110a5d5-c604-5161-914e-b43ed2670ff9,HIT,DAMAGE,1,1,4,NULL,2,PIERCING,false,NULL,NULL,NULL
d63de102-2605-58b1-a280-2d1490e41c78,2026-09-08T00:00:00,2026-09-08T00:00:00,0,308de99f-745d-56f3-ba70-1b87fc0b1d21,HIT,DAMAGE,0,1,10,4,9,SLASHING,false,NULL,NULL,NULL
4d5cb34d-7d60-5b94-8386-d934305fa2f2,2026-09-08T00:00:00,2026-09-08T00:00:00,0,fa04c607-1215-58c5-8174-3d2cc9397013,SAVE_FAILURE,DAMAGE,0,4,10,NULL,22,FIRE,false,NULL,NULL,NULL
d9e6ed80-1e75-525d-9b5a-52c86ed5a7a7,2026-09-08T00:00:00,2026-09-08T00:00:00,0,fa04c607-1215-58c5-8174-3d2cc9397013,SAVE_SUCCESS,DAMAGE,1,NULL,NULL,NULL,NULL,NULL,true,NULL,NULL,NULL
eb247f07-128c-56e8-ac2a-0bfd5fbacbea,2026-09-08T00:00:00,2026-09-08T00:00:00,0,7d9ec75e-e212-505c-9740-7a04958f3054,HIT,DAMAGE,0,2,10,6,17,SLASHING,false,NULL,NULL,NULL
68e41f87-8516-5590-981c-08f32bde0c81,2026-09-08T00:00:00,2026-09-08T00:00:00,0,f89d5e21-70c8-5d18-830b-7b2970b37b8c,SAVE_FAILURE,DAMAGE,0,10,10,NULL,55,FIRE,false,NULL,NULL,NULL
99d3c0ac-1846-54d5-9da6-27c4ba17f62b,2026-09-08T00:00:00,2026-09-08T00:00:00,0,f89d5e21-70c8-5d18-830b-7b2970b37b8c,SAVE_SUCCESS,DAMAGE,1,NULL,NULL,NULL,NULL,NULL,true,NULL,NULL,NULL
4f4bd2a5-b7cc-5fba-a891-e4b376818e96,2026-09-08T00:00:00,2026-09-08T00:00:00,0,5fe9d78c-ab18-5d1a-86d7-0f4a1718fa7d,HIT,DAMAGE,0,2,8,8,17,SLASHING,false,NULL,NULL,NULL
4ee5ae4d-1ed7-5a7c-bc25-45612176c885,2026-09-08T00:00:00,2026-09-08T00:00:00,0,5fe9d78c-ab18-5d1a-86d7-0f4a1718fa7d,HIT,DAMAGE,1,1,8,NULL,4,FIRE,false,NULL,NULL,NULL
c59613f7-8675-5d29-b4bf-24bc58f6a315,2026-09-08T00:00:00,2026-09-08T00:00:00,0,cb65f0f8-81b0-5855-98e3-821058b58940,SAVE_FAILURE,DAMAGE,0,12,10,NULL,66,FIRE,false,NULL,NULL,NULL
0d04cb45-d56c-58c9-b576-a7ddb8eceb3b,2026-09-08T00:00:00,2026-09-08T00:00:00,0,cb65f0f8-81b0-5855-98e3-821058b58940,SAVE_SUCCESS,DAMAGE,1,NULL,NULL,NULL,NULL,NULL,true,NULL,NULL,NULL
77563663-2e7c-5c9b-b5ad-629550db99d2,2026-09-08T00:00:00,2026-09-08T00:00:00,0,58f65625-38b9-5eb5-94f0-6d325117770b,SAVE_FAILURE,DAMAGE,0,3,6,NULL,10,FORCE,false,NULL,NULL,NULL
c8d50e85-7406-5ba3-b343-6cbadea29ee9,2026-09-08T00:00:00,2026-09-08T00:00:00,0,58f65625-38b9-5eb5-94f0-6d325117770b,SAVE_FAILURE,APPLY_CONDITION,1,NULL,NULL,NULL,NULL,NULL,false,c04d0000-0000-4000-a000-000000000007,NULL,NULL
1f46f171-d552-5a4b-8ff0-2a3b3008704b,2026-09-08T00:00:00,2026-09-08T00:00:00,0,c2dea7cf-dc55-5af9-9176-ffe039d0c5c3,HIT,DAMAGE,0,2,8,10,19,SLASHING,false,NULL,NULL,NULL
bead646f-71a4-5329-9a0d-f93637f393e4,2026-09-08T00:00:00,2026-09-08T00:00:00,0,c2dea7cf-dc55-5af9-9176-ffe039d0c5c3,HIT,DAMAGE,1,2,8,NULL,9,FIRE,false,NULL,NULL,NULL
c1f62280-79ee-58be-b5c9-f2594cc95e44,2026-09-08T00:00:00,2026-09-08T00:00:00,0,c3ca4f5e-9a9b-5789-8ee0-fc70e6d82cfa,SAVE_FAILURE,DAMAGE,0,13,10,NULL,71,FIRE,false,NULL,NULL,NULL
96cf30ac-5e67-521b-900c-8c090b1240c7,2026-09-08T00:00:00,2026-09-08T00:00:00,0,c3ca4f5e-9a9b-5789-8ee0-fc70e6d82cfa,SAVE_SUCCESS,DAMAGE,1,NULL,NULL,NULL,NULL,NULL,true,NULL,NULL,NULL
e283858e-2201-538d-8ad8-24f21aeb3779,2026-09-08T00:00:00,2026-09-08T00:00:00,0,4ab1325f-ccc4-5fbc-8988-a98cb113de15,SAVE_FAILURE,DAMAGE,0,7,6,NULL,24,FORCE,false,NULL,NULL,NULL
df5357c0-e669-55cd-979b-6d5678d23735,2026-09-08T00:00:00,2026-09-08T00:00:00,0,4ab1325f-ccc4-5fbc-8988-a98cb113de15,SAVE_FAILURE,APPLY_CONDITION,1,NULL,NULL,NULL,NULL,NULL,false,c04d0000-0000-4000-a000-000000000007,NULL,NULL
91aa2c0a-28a7-5aa4-ab03-f22c256b5b78,2026-09-08T00:00:00,2026-09-08T00:00:00,0,2277915b-7a5e-521c-b671-4709c65a971a,HIT,DAMAGE,0,2,12,5,18,PIERCING,false,NULL,NULL,NULL
aa4c49c9-fad3-5000-b18f-a0e3785fe7eb,2026-09-08T00:00:00,2026-09-08T00:00:00,0,2277915b-7a5e-521c-b671-4709c65a971a,HIT,APPLY_CONDITION,1,NULL,NULL,NULL,NULL,NULL,false,c04d0000-0000-4000-a000-00000000000c,NULL,NULL
95791554-719a-5d32-9ce7-02ac7622a1b9,2026-09-08T00:00:00,2026-09-08T00:00:00,0,5bf1512b-7134-5957-b7ed-c96edf3c5008,SAVE_FAILURE,APPLY_CONDITION,0,NULL,NULL,NULL,NULL,NULL,false,c04d0000-0000-4000-a000-00000000000d,NULL,NULL
9cc9e24a-ef69-5c60-886e-a4da253c5153,2026-09-08T00:00:00,2026-09-08T00:00:00,0,5bf1512b-7134-5957-b7ed-c96edf3c5008,SAVE_FAILURE,APPLY_CONDITION,1,NULL,NULL,NULL,NULL,NULL,false,c04d0000-0000-4000-a000-00000000000a,NULL,NULL
0dbd3923-2753-50e3-a473-81b39a463d83,2026-09-08T00:00:00,2026-09-08T00:00:00,0,faab6699-0551-5efb-b361-fab86fe15269,SAVE_FAILURE,DAMAGE,0,2,10,5,16,BLUDGEONING,false,NULL,NULL,NULL
5da5b5c4-e881-551f-97f3-4c029fd7e06e,2026-09-08T00:00:00,2026-09-08T00:00:00,0,faab6699-0551-5efb-b361-fab86fe15269,SAVE_SUCCESS,DAMAGE,1,NULL,NULL,NULL,NULL,NULL,true,NULL,NULL,NULL
88627f4e-22b7-5dd2-ae11-e043710f1af8,2026-09-08T00:00:00,2026-09-08T00:00:00,0,0778b614-492b-5c09-8a18-e09337d4552e,HIT,DAMAGE,0,2,8,1,10,ACID,false,NULL,NULL,NULL
cf7efa3d-809b-5126-9808-a5e53f7d4e75,2026-09-08T00:00:00,2026-09-08T00:00:00,0,eed9cb2c-5574-5c52-a238-8b2ca945c94b,HIT,DAMAGE,0,1,10,2,7,SLASHING,false,NULL,NULL,NULL
63f416e3-0240-5291-93cc-7ae6902b1db3,2026-09-08T00:00:00,2026-09-08T00:00:00,0,eed9cb2c-5574-5c52-a238-8b2ca945c94b,HIT,DAMAGE,1,1,6,NULL,3,POISON,false,NULL,NULL,NULL
30e18fd3-b997-59ef-8e86-83106598f914,2026-09-08T00:00:00,2026-09-08T00:00:00,0,1ee89294-91b1-59f1-bd42-b184e28daa03,SAVE_FAILURE,DAMAGE,0,6,6,NULL,21,POISON,false,NULL,NULL,NULL
450cc881-1d49-5066-b03b-9312c77d1428,2026-09-08T00:00:00,2026-09-08T00:00:00,0,1ee89294-91b1-59f1-bd42-b184e28daa03,SAVE_SUCCESS,DAMAGE,1,NULL,NULL,NULL,NULL,NULL,true,NULL,NULL,NULL
da847c52-57af-5523-94c1-99e9affed2bf,2026-09-08T00:00:00,2026-09-08T00:00:00,0,d15c0d2e-f00b-5098-9543-950e0b6ba693,HIT,DAMAGE,0,2,6,4,11,SLASHING,false,NULL,NULL,NULL
d656d6bc-e6e9-5ba0-8ab3-7972882e8530,2026-09-08T00:00:00,2026-09-08T00:00:00,0,d15c0d2e-f00b-5098-9543-950e0b6ba693,HIT,DAMAGE,1,2,6,NULL,7,POISON,false,NULL,NULL,NULL
904e9ee7-aaef-5037-8fc6-d0f6edce55b7,2026-09-08T00:00:00,2026-09-08T00:00:00,0,8ae7b95a-03f2-5958-9b79-dad511e85c2c,SAVE_FAILURE,DAMAGE,0,12,6,NULL,42,POISON,false,NULL,NULL,NULL
feeaad14-dc53-57db-b97b-58e4319eb85c,2026-09-08T00:00:00,2026-09-08T00:00:00,0,8ae7b95a-03f2-5958-9b79-dad511e85c2c,SAVE_SUCCESS,DAMAGE,1,NULL,NULL,NULL,NULL,NULL,true,NULL,NULL,NULL
a76ae56f-1c1b-52f5-97f6-a1c94464af1b,2026-09-08T00:00:00,2026-09-08T00:00:00,0,4c7fc5db-f7bb-5d11-9a23-3daf93b9be79,HIT,DAMAGE,0,2,8,6,15,SLASHING,false,NULL,NULL,NULL
d1752f45-8ed7-59d4-9d6a-d1f9f80de2cd,2026-09-08T00:00:00,2026-09-08T00:00:00,0,4c7fc5db-f7bb-5d11-9a23-3daf93b9be79,HIT,DAMAGE,1,2,6,NULL,7,POISON,false,NULL,NULL,NULL
3c5c2890-f7fb-5498-9dde-977f881fc078,2026-09-08T00:00:00,2026-09-08T00:00:00,0,ce42bf2b-0700-5959-b34d-758decd1b3f1,SAVE_FAILURE,DAMAGE,0,16,6,NULL,56,POISON,false,NULL,NULL,NULL
a1e77c43-eb32-5b22-a2a0-5b32f5eb92d1,2026-09-08T00:00:00,2026-09-08T00:00:00,0,ce42bf2b-0700-5959-b34d-758decd1b3f1,SAVE_SUCCESS,DAMAGE,1,NULL,NULL,NULL,NULL,NULL,true,NULL,NULL,NULL
72beb88b-acd3-5277-8b5e-98eb5946a06d,2026-09-08T00:00:00,2026-09-08T00:00:00,0,351972be-e315-5e58-8dab-58d4d02df916,SAVE_FAILURE,DAMAGE,0,2,6,NULL,7,POISON,false,NULL,NULL,NULL
80349875-cd03-516a-9597-e3f96db51fd2,2026-09-08T00:00:00,2026-09-08T00:00:00,0,d72c1438-1077-5a64-86ee-05d878185fbc,HIT,DAMAGE,0,2,8,8,17,SLASHING,false,NULL,NULL,NULL
5b51a278-f3a8-5147-9654-5cfc2c0ea28c,2026-09-08T00:00:00,2026-09-08T00:00:00,0,d72c1438-1077-5a64-86ee-05d878185fbc,HIT,DAMAGE,1,3,6,NULL,10,POISON,false,NULL,NULL,NULL
5caaaf9e-e2b1-5c37-9434-71fecef8167d,2026-09-08T00:00:00,2026-09-08T00:00:00,0,ec9804fc-563f-5642-b021-de1b2c2ff6fb,SAVE_FAILURE,DAMAGE,0,22,6,NULL,77,POISON,false,NULL,NULL,NULL
696338d6-f56b-5629-827a-7d0b44fa9fcb,2026-09-08T00:00:00,2026-09-08T00:00:00,0,ec9804fc-563f-5642-b021-de1b2c2ff6fb,SAVE_SUCCESS,DAMAGE,1,NULL,NULL,NULL,NULL,NULL,true,NULL,NULL,NULL
0064a594-8bc1-54c8-a614-a45cf9d0e6d8,2026-09-08T00:00:00,2026-09-08T00:00:00,0,8bf98f5d-88a7-54a3-8acf-0ba63bd05639,SAVE_FAILURE,DAMAGE,0,5,6,NULL,17,POISON,false,NULL,NULL,NULL
4230dd69-bac1-5018-9f83-9de5a804ef8f,2026-09-08T00:00:00,2026-09-08T00:00:00,0,cdb0ba6a-f318-5553-b5b2-52ea8b7c85b1,HIT,DAMAGE,0,1,8,4,8,SLASHING,false,NULL,NULL,NULL
2dd03a2f-dad5-5d16-b73b-4fe636f6b7eb,2026-09-08T00:00:00,2026-09-08T00:00:00,0,cdb0ba6a-f318-5553-b5b2-52ea8b7c85b1,HIT,DAMAGE,1,1,6,NULL,3,POISON,false,NULL,NULL,NULL
2fee897a-8e8e-58e1-8516-6fa87a842320,2026-09-08T00:00:00,2026-09-08T00:00:00,0,613aef97-7b44-59b3-92f2-9f39f291bf32,HIT,DAMAGE,0,2,6,2,9,PIERCING,false,NULL,NULL,NULL
b94748ab-da5d-5024-a4a9-05fabc21ed4d,2026-09-08T00:00:00,2026-09-08T00:00:00,0,65047707-516b-5976-be9d-cca52d507314,HIT,DAMAGE,0,1,10,2,7,SLASHING,false,NULL,NULL,NULL
699f8c42-8872-5464-92f3-b8e3e6c4614c,2026-09-08T00:00:00,2026-09-08T00:00:00,0,65047707-516b-5976-be9d-cca52d507314,HIT,APPLY_CONDITION,1,NULL,NULL,NULL,NULL,NULL,false,c04d0000-0000-4000-a000-000000000006,12,NULL
918eab79-8e85-5962-b532-fc6628630af7,2026-09-08T00:00:00,2026-09-08T00:00:00,0,c2963252-c346-54d2-867e-3e126010d0c1,HIT,DAMAGE,0,1,8,4,8,PIERCING,false,NULL,NULL,NULL
4f852e94-5831-5445-83a5-f951934196f6,2026-09-08T00:00:00,2026-09-08T00:00:00,0,c2963252-c346-54d2-867e-3e126010d0c1,HIT,APPLY_CONDITION,1,NULL,NULL,NULL,NULL,NULL,false,c04d0000-0000-4000-a000-000000000006,14,NULL
2ec62c2d-e6af-591e-ba64-aaaf46f4cf69,2026-09-08T00:00:00,2026-09-08T00:00:00,0,bb5219ba-f12d-5c86-a026-c6a811d57ba7,HIT,DAMAGE,0,1,6,3,6,BLUDGEONING,false,NULL,NULL,NULL
415f2a3e-87eb-5e4d-b0d7-001097341155,2026-09-08T00:00:00,2026-09-08T00:00:00,0,bb5219ba-f12d-5c86-a026-c6a811d57ba7,HIT,DAMAGE,1,1,4,NULL,2,PSYCHIC,false,NULL,NULL,NULL
93c5b1f5-eee3-5805-8c3f-859710f5d0a7,2026-09-08T00:00:00,2026-09-08T00:00:00,0,97eec6b3-1eff-5f35-8fdc-41742599eef0,HIT,DAMAGE,0,2,12,4,17,PIERCING,false,NULL,NULL,NULL
546c9b69-cb31-57db-8eaa-75400cc7a76d,2026-09-08T00:00:00,2026-09-08T00:00:00,0,97eec6b3-1eff-5f35-8fdc-41742599eef0,HIT,DAMAGE,1,4,10,NULL,22,POISON,false,NULL,NULL,NULL
db367bd5-5dc6-56bc-a77d-4c843ac97f88,2026-09-08T00:00:00,2026-09-08T00:00:00,0,255f27ad-7015-58a1-9ad1-9312b8f7700e,SAVE_FAILURE,DAMAGE,0,7,8,NULL,31,POISON,false,NULL,NULL,NULL
70830e34-255a-57f6-9698-f24773a79746,2026-09-08T00:00:00,2026-09-08T00:00:00,0,255f27ad-7015-58a1-9ad1-9312b8f7700e,SAVE_FAILURE,APPLY_CONDITION,1,NULL,NULL,NULL,NULL,NULL,false,c04d0000-0000-4000-a000-000000000001,NULL,NULL
563bca9a-d5b7-52f6-b7a9-1559378f8730,2026-09-08T00:00:00,2026-09-08T00:00:00,0,255f27ad-7015-58a1-9ad1-9312b8f7700e,SAVE_SUCCESS,DAMAGE,2,NULL,NULL,NULL,NULL,NULL,true,NULL,NULL,NULL
2c18d0ab-5253-5bcc-8db7-653c9be13fa9,2026-09-08T00:00:00,2026-09-08T00:00:00,0,9eb53d99-7fa5-5ce0-afbf-4146dff16419,HIT,DAMAGE,0,1,6,1,4,PIERCING,false,NULL,NULL,NULL
84d6813a-4a3c-516e-b7cd-8f4a9cb07c62,2026-09-08T00:00:00,2026-09-08T00:00:00,0,e91e599e-9430-5e13-89be-713e83eb1630,HIT,DAMAGE,0,3,6,4,14,PIERCING,false,NULL,NULL,NULL
04eb9a69-3980-5725-a0b3-89cb41bf0a05,2026-09-08T00:00:00,2026-09-08T00:00:00,0,f15bcf28-1489-5e3d-90c9-7195b99d1b7a,HIT,DAMAGE,0,2,10,4,15,SLASHING,false,NULL,NULL,NULL
5cf94608-761a-5eae-94b3-905a4890e6a7,2026-09-08T00:00:00,2026-09-08T00:00:00,0,65549ad3-4748-5cb5-bc7a-213e5bbed640,HIT,DAMAGE,0,1,4,4,6,SLASHING,false,NULL,NULL,NULL
5e36b088-1bb7-563d-9add-18baa5bba877,2026-09-08T00:00:00,2026-09-08T00:00:00,0,397fc788-13ca-570b-8251-c1cb9b39b4d1,SAVE_SUCCESS,DAMAGE,0,NULL,NULL,NULL,NULL,NULL,true,NULL,NULL,NULL
8a7189f2-bfaa-5986-91fb-3aba159ba5bc,2026-09-08T00:00:00,2026-09-08T00:00:00,0,c7cdcfd4-e08d-5e88-b893-317f3b685a73,HIT,DAMAGE,0,2,4,1,6,SLASHING,false,NULL,NULL,NULL
f95f5b87-42e1-53ae-a8ea-f9d462cae550,2026-09-08T00:00:00,2026-09-08T00:00:00,0,dfe1ee89-ec5f-54f0-a18a-5c0ed43a0fe9,SAVE_FAILURE,APPLY_CONDITION,0,NULL,NULL,NULL,NULL,NULL,false,c04d0000-0000-4000-a000-000000000002,NULL,NULL
fba71f9d-faab-5586-b318-5a6f40c1fe61,2026-09-08T00:00:00,2026-09-08T00:00:00,0,dfe1ee89-ec5f-54f0-a18a-5c0ed43a0fe9,SAVE_FAILURE,APPLY_CONDITION,1,NULL,NULL,NULL,NULL,NULL,false,c04d0000-0000-4000-a000-000000000007,NULL,NULL
fa19a8dc-8119-597b-857e-87dabd725427,2026-09-08T00:00:00,2026-09-08T00:00:00,0,ae84950e-993d-5192-92ff-d313d53b8fc9,HIT,DAMAGE,0,1,8,3,7,PIERCING,false,NULL,NULL,NULL
eb9d458a-4e56-5749-a7f8-ec11f07986c8,2026-09-08T00:00:00,2026-09-08T00:00:00,0,ae84950e-993d-5192-92ff-d313d53b8fc9,HIT,DAMAGE,1,1,6,NULL,3,FIRE,false,NULL,NULL,NULL
51249736-9c9f-59c9-8921-45ede9f9e68f,2026-09-08T00:00:00,2026-09-08T00:00:00,0,9dd2d38a-943f-5dd6-8b29-3986d14464f4,SAVE_FAILURE,DAMAGE,0,5,6,NULL,17,FIRE,false,NULL,NULL,NULL
6ba791a1-3359-5909-9e94-1455cb76cacc,2026-09-08T00:00:00,2026-09-08T00:00:00,0,9dd2d38a-943f-5dd6-8b29-3986d14464f4,SAVE_SUCCESS,DAMAGE,1,NULL,NULL,NULL,NULL,NULL,true,NULL,NULL,NULL
c9a69c4c-91e8-5c19-b534-2e075eef9194,2026-09-08T00:00:00,2026-09-08T00:00:00,0,a937edf7-957f-5db4-88aa-afdd35039e7e,SAVE_FAILURE,APPLY_CONDITION,0,NULL,NULL,NULL,NULL,NULL,false,c04d0000-0000-4000-a000-00000000000b,NULL,NULL
2cca7936-b924-580e-9375-563ef91709d4,2026-09-08T00:00:00,2026-09-08T00:00:00,0,b1d859a8-7eb7-587b-9bad-d81c3085eff4,HIT,DAMAGE,0,1,4,4,6,SLASHING,false,NULL,NULL,NULL
12af8cec-d7b6-5db4-94e5-7dfcd2e5682f,2026-09-08T00:00:00,2026-09-08T00:00:00,0,b1d859a8-7eb7-587b-9bad-d81c3085eff4,HIT,DAMAGE,1,2,8,NULL,9,POISON,false,NULL,NULL,NULL
2b3d7e3d-185f-53bd-b79f-ca195a299d0f,2026-09-08T00:00:00,2026-09-08T00:00:00,0,84af3b72-4c15-5158-b7a5-93249b0891b5,HIT,DAMAGE,0,3,8,5,18,BLUDGEONING,false,NULL,NULL,NULL
f048afa2-bf28-5cfc-ac75-4a3202b5ee0a,2026-09-08T00:00:00,2026-09-08T00:00:00,0,84af3b72-4c15-5158-b7a5-93249b0891b5,HIT,APPLY_CONDITION,1,NULL,NULL,NULL,NULL,NULL,false,c04d0000-0000-4000-a000-00000000000c,NULL,NULL
099567f2-4584-5542-8aa0-0885faabefa6,2026-09-08T00:00:00,2026-09-08T00:00:00,0,443a52ac-1ad0-5c55-b3fc-e76e95a2ead1,HIT,DAMAGE,0,2,10,5,16,BLUDGEONING,false,NULL,NULL,NULL
ebd8f6d5-9f82-5514-8c20-d9e642ad7955,2026-09-08T00:00:00,2026-09-08T00:00:00,0,443a52ac-1ad0-5c55-b3fc-e76e95a2ead1,HIT,APPLY_CONDITION,1,NULL,NULL,NULL,NULL,NULL,false,c04d0000-0000-4000-a000-00000000000b,NULL,NULL
2d68d4a8-825d-5ae5-af54-f2baa53fa092,2026-09-08T00:00:00,2026-09-08T00:00:00,0,118d91c5-7d69-55ad-a776-dbf8cd475cb6,HIT,DAMAGE,0,1,8,3,7,SLASHING,false,NULL,NULL,NULL
a73a8a76-4ff5-5add-9440-d7963b678a61,2026-09-08T00:00:00,2026-09-08T00:00:00,0,02a7533e-d6a4-5390-8eb5-164c266d4a3b,HIT,DAMAGE,0,2,10,1,12,SLASHING,false,NULL,NULL,NULL
e8f38b48-0b2d-5a3e-9e80-a7234d923825,2026-09-08T00:00:00,2026-09-08T00:00:00,0,b42d290b-f49f-52b3-bb9e-3258bf7a7a1e,HIT,DAMAGE,0,1,8,1,5,PIERCING,false,NULL,NULL,NULL
9c5b8a2b-8b98-5ee0-8c9c-e417f1e5e051,2026-09-08T00:00:00,2026-09-08T00:00:00,0,b42d290b-f49f-52b3-bb9e-3258bf7a7a1e,HIT,DAMAGE,1,3,4,NULL,7,POISON,false,NULL,NULL,NULL
01a57777-69d0-5749-bc7a-a1bf26ad7803,2026-09-08T00:00:00,2026-09-08T00:00:00,0,df88ef98-57ce-58e0-952d-4d4afe2c5fff,HIT,DAMAGE,0,2,6,2,9,SLASHING,false,NULL,NULL,NULL
f20685f8-0962-5de2-98bd-ba776cc721a1,2026-09-08T00:00:00,2026-09-08T00:00:00,0,df88ef98-57ce-58e0-952d-4d4afe2c5fff,HIT,DAMAGE,1,1,6,NULL,3,POISON,false,NULL,NULL,NULL
10c093f7-f240-5487-8624-cfffbbfecf9f,2026-09-08T00:00:00,2026-09-08T00:00:00,0,aadc68e4-7b98-521d-85ad-156d2c1c7965,HIT,DAMAGE,0,1,8,2,6,PIERCING,false,NULL,NULL,NULL
32943863-d2f5-569e-9765-038c375f4152,2026-09-08T00:00:00,2026-09-08T00:00:00,0,aadc68e4-7b98-521d-85ad-156d2c1c7965,HIT,DAMAGE,1,2,4,NULL,5,POISON,false,NULL,NULL,NULL
6e158882-16b7-5465-af81-c7711773fdb0,2026-09-08T00:00:00,2026-09-08T00:00:00,0,b84018e7-29d0-59cd-958d-96c889c25ad8,SAVE_FAILURE,APPLY_CONDITION,0,NULL,NULL,NULL,NULL,NULL,false,c04d0000-0000-4000-a000-00000000000b,NULL,NULL
b4623a44-8f16-5a9e-aeb7-758b3d5a86bc,2026-09-08T00:00:00,2026-09-08T00:00:00,0,b84018e7-29d0-59cd-958d-96c889c25ad8,SAVE_FAILURE,APPLY_CONDITION,1,NULL,NULL,NULL,NULL,NULL,false,c04d0000-0000-4000-a000-00000000000b,NULL,NULL
71894db4-deca-562d-91bd-7178af16f8d7,2026-09-08T00:00:00,2026-09-08T00:00:00,0,b84018e7-29d0-59cd-958d-96c889c25ad8,SAVE_FAILURE,APPLY_CONDITION,2,NULL,NULL,NULL,NULL,NULL,false,c04d0000-0000-4000-a000-00000000000f,NULL,NULL
fd37751a-593d-51e0-a760-ec03e3c8d5d9,2026-09-08T00:00:00,2026-09-08T00:00:00,0,5ff39668-9e4f-5c32-a9a4-9370f18c1612,HIT,DAMAGE,0,2,8,6,15,PIERCING,false,NULL,NULL,NULL
058d65db-0cc3-58d2-a670-d1019afd785b,2026-09-08T00:00:00,2026-09-08T00:00:00,0,5ff39668-9e4f-5c32-a9a4-9370f18c1612,HIT,DAMAGE,1,2,8,NULL,9,FIRE,false,NULL,NULL,NULL
5ff3c56d-aa9a-55fe-af71-4b92f3cd4751,2026-09-08T00:00:00,2026-09-08T00:00:00,0,c95056cf-4b4d-5a21-a913-672fec898a78,HIT,DAMAGE,0,5,8,4,26,FIRE,false,NULL,NULL,NULL
ba30bd92-8343-5c2f-b4d6-0efe7c5f449f,2026-09-08T00:00:00,2026-09-08T00:00:00,0,d9e96c2a-60f9-58f5-93f0-f4c8aa696c75,SAVE_FAILURE,DAMAGE,0,1,8,6,10,NECROTIC,false,NULL,NULL,NULL
a020fcc1-23d5-589b-9b23-76f6fc28f61e,2026-09-08T00:00:00,2026-09-08T00:00:00,0,80789ada-4ffc-5f78-8fff-2569f8d47052,HIT,DAMAGE,0,1,10,5,10,PIERCING,false,NULL,NULL,NULL
b6bca536-98f7-5c9a-84d6-ef0f9a107c18,2026-09-08T00:00:00,2026-09-08T00:00:00,0,821decf5-b105-5794-8c9d-23bcf9bdf2c2,HIT,DAMAGE,0,2,8,5,14,PIERCING,false,NULL,NULL,NULL
5b8670fa-e0d8-5f14-8a01-d966794ccba1,2026-09-08T00:00:00,2026-09-08T00:00:00,0,821decf5-b105-5794-8c9d-23bcf9bdf2c2,HIT,DAMAGE,1,3,6,NULL,10,COLD,false,NULL,NULL,NULL
40cb7aea-43da-59f2-a3b7-a32094183456,2026-09-08T00:00:00,2026-09-08T00:00:00,0,f95f1457-0fd6-5603-872c-5cbc6a067315,HIT,DAMAGE,0,3,6,5,15,BLUDGEONING,false,NULL,NULL,NULL
053fed8a-2d5d-56e0-be49-468b052f8870,2026-09-08T00:00:00,2026-09-08T00:00:00,0,f95f1457-0fd6-5603-872c-5cbc6a067315,HIT,DAMAGE,1,4,8,NULL,18,COLD,false,NULL,NULL,NULL
e8009333-e3ee-5746-b8b8-fde511e09a82,2026-09-08T00:00:00,2026-09-08T00:00:00,0,f0963282-73ba-5922-8dee-8bbf1eca1b7c,HIT,DAMAGE,0,1,6,3,6,PIERCING,false,NULL,NULL,NULL
d49749bc-614d-5f65-bcea-c644795269c6,2026-09-08T00:00:00,2026-09-08T00:00:00,0,f0963282-73ba-5922-8dee-8bbf1eca1b7c,HIT,DAMAGE,1,2,6,NULL,7,POISON,false,NULL,NULL,NULL
165c8f12-b0b2-5b5c-81c9-5a43b24ecc19,2026-09-08T00:00:00,2026-09-08T00:00:00,0,a5577dc9-b442-5c18-a685-a6dfcda15b80,HIT,DAMAGE,0,3,6,5,15,PSYCHIC,false,NULL,NULL,NULL
df0949f8-08af-5949-9d83-6c68275b091a,2026-09-08T00:00:00,2026-09-08T00:00:00,0,de8180e7-e476-5f6f-9551-7cfa07e63d67,SAVE_FAILURE,DAMAGE,0,4,8,NULL,18,PSYCHIC,false,NULL,NULL,NULL
8e1e75f6-111a-5e3a-b9d2-a6b0d104f65f,2026-09-08T00:00:00,2026-09-08T00:00:00,0,de8180e7-e476-5f6f-9551-7cfa07e63d67,SAVE_FAILURE,APPLY_CONDITION,1,NULL,NULL,NULL,NULL,NULL,false,c04d0000-0000-4000-a000-00000000000f,NULL,NULL
a83b5d87-ee66-5bfd-8ac7-d47c7b81bf64,2026-09-08T00:00:00,2026-09-08T00:00:00,0,94de8fa2-6de9-5f33-aa45-8677adf9eb40,HIT,DAMAGE,0,2,6,4,11,FORCE,false,NULL,NULL,NULL
49a9acd7-a204-5147-ac25-e40d55265e33,2026-09-08T00:00:00,2026-09-08T00:00:00,0,cd0a67e9-cdc6-5669-be91-4bb2c0fa9e63,SAVE_FAILURE,DAMAGE,0,1,8,3,7,THUNDER,false,NULL,NULL,NULL
1019550f-e4b8-58e6-b3de-db26e07c344b,2026-09-08T00:00:00,2026-09-08T00:00:00,0,cd0a67e9-cdc6-5669-be91-4bb2c0fa9e63,SAVE_FAILURE,DAMAGE,1,2,6,NULL,7,THUNDER,false,NULL,NULL,NULL
5a0876ce-8041-5bfa-8f75-66a439f17fa6,2026-09-08T00:00:00,2026-09-08T00:00:00,0,cd0a67e9-cdc6-5669-be91-4bb2c0fa9e63,SAVE_FAILURE,APPLY_CONDITION,2,NULL,NULL,NULL,NULL,NULL,false,c04d0000-0000-4000-a000-000000000006,13,NULL
0928faf5-f153-5bbf-8fea-09cf41ef169f,2026-09-08T00:00:00,2026-09-08T00:00:00,0,977025c1-f016-5489-98f1-7d68aebc90ea,HIT,DAMAGE,0,3,8,7,20,SLASHING,false,NULL,NULL,NULL
af334906-39bc-5297-b9d9-623e952065c5,2026-09-08T00:00:00,2026-09-08T00:00:00,0,977025c1-f016-5489-98f1-7d68aebc90ea,HIT,DAMAGE,1,3,6,NULL,10,FIRE,false,NULL,NULL,NULL
6182abf9-55cc-51b8-a7b5-9e1abe245bec,2026-09-08T00:00:00,2026-09-08T00:00:00,0,81179e90-e801-5319-adc8-46af786dd3a2,HIT,DAMAGE,0,8,8,NULL,36,FIRE,false,NULL,NULL,NULL
f43c123b-c807-5bcb-b457-a9b2b091dfbc,2026-09-08T00:00:00,2026-09-08T00:00:00,0,d8dcf373-bf1a-5b74-8eed-7c301de1c428,SAVE_FAILURE,DAMAGE,0,10,10,NULL,55,POISON,false,NULL,NULL,NULL
d718ae59-a61b-534a-984b-4d917aeb58b3,2026-09-08T00:00:00,2026-09-08T00:00:00,0,d8dcf373-bf1a-5b74-8eed-7c301de1c428,SAVE_SUCCESS,DAMAGE,1,NULL,NULL,NULL,NULL,NULL,true,NULL,NULL,NULL
38cfb58b-f519-5582-8cc2-52a86026396d,2026-09-08T00:00:00,2026-09-08T00:00:00,0,879f6aee-ea65-59d2-87f0-eef61c97ba4e,HIT,DAMAGE,0,2,6,3,10,SLASHING,false,NULL,NULL,NULL
56a5ae98-4aac-5356-9e46-e7bb3121524a,2026-09-08T00:00:00,2026-09-08T00:00:00,0,879f6aee-ea65-59d2-87f0-eef61c97ba4e,HIT,DAMAGE,1,1,8,NULL,4,RADIANT,false,NULL,NULL,NULL
d9cd8998-bcf9-5e18-b9ed-351aa4bd769e,2026-09-08T00:00:00,2026-09-08T00:00:00,0,2ba7993b-da24-516e-bcf5-1e9079b77c8c,HIT,DAMAGE,0,2,10,NULL,11,PIERCING,false,NULL,NULL,NULL
c0d01468-7442-50fb-aa74-ce16d0f6be52,2026-09-08T00:00:00,2026-09-08T00:00:00,0,2ba7993b-da24-516e-bcf5-1e9079b77c8c,HIT,DAMAGE,1,1,8,NULL,4,RADIANT,false,NULL,NULL,NULL
fc3a499e-0963-5f44-af17-104a404456c8,2026-09-08T00:00:00,2026-09-08T00:00:00,0,482048fb-aa68-5e66-9ae9-1e89e9af6725,HIT,DAMAGE,0,1,4,2,4,PIERCING,false,NULL,NULL,NULL
fd3a4dd1-c9ce-5c8f-8ed1-b155e06f8448,2026-09-08T00:00:00,2026-09-08T00:00:00,0,700e79ff-c555-50ce-8549-5012aa238bf7,HIT,DAMAGE,0,4,6,10,24,BLUDGEONING,false,NULL,NULL,NULL
157ca8de-11e1-5099-ac89-7a29559a092e,2026-09-08T00:00:00,2026-09-08T00:00:00,0,700e79ff-c555-50ce-8549-5012aa238bf7,HIT,APPLY_CONDITION,1,NULL,NULL,NULL,NULL,NULL,false,c04d0000-0000-4000-a000-000000000006,20,NULL
fe14c3e9-ad1b-506c-b129-a1d0ba39258d,2026-09-08T00:00:00,2026-09-08T00:00:00,0,700e79ff-c555-50ce-8549-5012aa238bf7,HIT,APPLY_CONDITION,2,NULL,NULL,NULL,NULL,NULL,false,c04d0000-0000-4000-a000-00000000000d,20,NULL
2b20326e-f8b8-5a75-8844-7e6102e7b9b6,2026-09-08T00:00:00,2026-09-08T00:00:00,0,617d38a1-f4da-58ec-942c-702a72005e6a,SAVE_FAILURE,DAMAGE,0,4,8,NULL,18,BLUDGEONING,false,NULL,NULL,NULL
c237c36d-f04e-50c9-968e-ed92e252c4be,2026-09-08T00:00:00,2026-09-08T00:00:00,0,617d38a1-f4da-58ec-942c-702a72005e6a,SAVE_FAILURE,APPLY_CONDITION,1,NULL,NULL,NULL,NULL,NULL,false,c04d0000-0000-4000-a000-00000000000c,NULL,NULL
a54248ce-ef97-5f2c-8fd2-7a9ba0ea086b,2026-09-08T00:00:00,2026-09-08T00:00:00,0,617d38a1-f4da-58ec-942c-702a72005e6a,SAVE_SUCCESS,DAMAGE,2,NULL,NULL,NULL,NULL,NULL,true,NULL,NULL,NULL
fbcae47f-8a26-5bb4-9a3f-aac8d0094bf9,2026-09-08T00:00:00,2026-09-08T00:00:00,0,d3784221-c3e1-55c8-8a5c-6b4ad6f0a262,SAVE_FAILURE,DAMAGE,0,6,10,NULL,33,LIGHTNING,false,NULL,NULL,NULL
442a56d4-a37e-5e69-938f-aba55dc7db4b,2026-09-08T00:00:00,2026-09-08T00:00:00,0,d3784221-c3e1-55c8-8a5c-6b4ad6f0a262,SAVE_SUCCESS,DAMAGE,1,NULL,NULL,NULL,NULL,NULL,true,NULL,NULL,NULL
fe149266-d91f-589f-8194-668840786536,2026-09-08T00:00:00,2026-09-08T00:00:00,0,64af9354-1412-5aa4-8d13-dc6bee9b989b,SAVE_FAILURE,DAMAGE,0,3,8,10,23,PIERCING,false,NULL,NULL,NULL
5e2277e5-9d0a-59e6-9685-451c3cc884ae,2026-09-08T00:00:00,2026-09-08T00:00:00,0,64af9354-1412-5aa4-8d13-dc6bee9b989b,SAVE_FAILURE,DAMAGE,1,7,6,NULL,24,ACID,false,NULL,NULL,NULL
7b950d3a-d31f-598d-9157-262cbdea92b7,2026-09-08T00:00:00,2026-09-08T00:00:00,0,64af9354-1412-5aa4-8d13-dc6bee9b989b,SAVE_FAILURE,APPLY_CONDITION,2,NULL,NULL,NULL,NULL,NULL,false,c04d0000-0000-4000-a000-00000000000d,NULL,NULL
a6f0b1c2-5191-590d-9827-9adb36a1453e,2026-09-08T00:00:00,2026-09-08T00:00:00,0,64af9354-1412-5aa4-8d13-dc6bee9b989b,SAVE_FAILURE,APPLY_CONDITION,3,NULL,NULL,NULL,NULL,NULL,false,c04d0000-0000-4000-a000-00000000000d,NULL,NULL
36376771-7ab0-5f19-abaa-5a46cb0df490,2026-09-08T00:00:00,2026-09-08T00:00:00,0,5d9dfa93-31a0-5fe7-bfd6-0ede6ed43204,HIT,DAMAGE,0,1,8,3,7,SLASHING,false,NULL,NULL,NULL
0173aa1e-2f4e-520b-8976-f70a6722d411,2026-09-08T00:00:00,2026-09-08T00:00:00,0,5d9dfa93-31a0-5fe7-bfd6-0ede6ed43204,HIT,DAMAGE,1,2,6,NULL,7,PSYCHIC,false,NULL,NULL,NULL
a2f39ae5-42ab-5b2f-aeca-ccfd5a8e8565,2026-09-08T00:00:00,2026-09-08T00:00:00,0,3775f2ef-0079-5353-9450-77d213f288b8,SAVE_FAILURE,DAMAGE,0,3,8,NULL,13,PSYCHIC,false,NULL,NULL,NULL
abf70376-ae12-5e70-b6b7-1027bb6510ed,2026-09-08T00:00:00,2026-09-08T00:00:00,0,96f927ca-4bda-59c0-93d0-e48b355f21fd,HIT,DAMAGE,0,1,4,NULL,2,POISON,false,NULL,NULL,NULL
4afbbc65-157e-5a66-b81c-317c18f2aec4,2026-09-08T00:00:00,2026-09-08T00:00:00,0,143dcdde-1e74-50fc-bc85-c3357eaa993e,HIT,DAMAGE,0,4,12,5,31,FORCE,false,NULL,NULL,NULL
afe563bb-baf7-5824-9454-46c5954439d9,2026-09-08T00:00:00,2026-09-08T00:00:00,0,e7904b84-54ed-5e88-acd8-f6127b3be0d9,HIT,DAMAGE,0,3,6,5,15,COLD,false,NULL,NULL,NULL
013dc9d8-3a5d-5e9d-8c93-f6e89c3a025d,2026-09-08T00:00:00,2026-09-08T00:00:00,0,e7904b84-54ed-5e88-acd8-f6127b3be0d9,HIT,APPLY_CONDITION,1,NULL,NULL,NULL,NULL,NULL,false,c04d0000-0000-4000-a000-000000000009,NULL,NULL
62cc2891-6564-5a7d-881e-6a00c73ff043,2026-09-08T00:00:00,2026-09-08T00:00:00,0,35c09f39-7d65-5c99-a5f2-d636e6eeb31d,ALWAYS,DAMAGE,0,2,10,NULL,11,NECROTIC,false,NULL,NULL,NULL
999f3265-e2bd-5d0c-9e15-06a2799efca3,2026-09-08T00:00:00,2026-09-08T00:00:00,0,7211e02d-8bc4-55d7-9ca6-3b3ab85e2c36,SAVE_FAILURE,DAMAGE,0,9,6,NULL,31,NECROTIC,false,NULL,NULL,NULL
10d05fcf-ce68-517b-b018-d2f9294a4b3f,2026-09-08T00:00:00,2026-09-08T00:00:00,0,7211e02d-8bc4-55d7-9ca6-3b3ab85e2c36,SAVE_SUCCESS,DAMAGE,1,NULL,NULL,NULL,NULL,NULL,true,NULL,NULL,NULL
132092a6-1955-5700-8cf1-1942033f6d95,2026-09-08T00:00:00,2026-09-08T00:00:00,0,445b1ad7-200c-5f8f-bd62-4587bfc12409,HIT,DAMAGE,0,3,8,3,16,FORCE,false,NULL,NULL,NULL
eb892c61-bb3d-52ef-8178-ce2a40aa6498,2026-09-08T00:00:00,2026-09-08T00:00:00,0,5cc6756c-7669-58ce-afb0-f9c9d48d6761,HIT,DAMAGE,0,4,10,5,27,FORCE,false,NULL,NULL,NULL
7ab9a46e-d641-51c0-b313-3ec606b8d93d,2026-09-08T00:00:00,2026-09-08T00:00:00,0,7c8a3e6b-b1f0-5442-91f2-18955446ed0f,SAVE_FAILURE,DAMAGE,0,2,6,NULL,7,FIRE,false,NULL,NULL,NULL
66a5d76f-8f66-58ce-ac4b-ee9ffd87fdbc,2026-09-08T00:00:00,2026-09-08T00:00:00,0,7c8a3e6b-b1f0-5442-91f2-18955446ed0f,SAVE_SUCCESS,DAMAGE,1,NULL,NULL,NULL,NULL,NULL,true,NULL,NULL,NULL
75856a1f-6495-5087-ad99-5a5fc80b0407,2026-09-08T00:00:00,2026-09-08T00:00:00,0,98855692-800d-500c-abfa-238864ef1968,HIT,DAMAGE,0,2,4,2,7,FIRE,false,NULL,NULL,NULL
89d44c93-6403-57d9-b929-ee2977d6a812,2026-09-08T00:00:00,2026-09-08T00:00:00,0,ed4c7f2a-710d-5d41-a914-bb617a551e73,HIT,DAMAGE,0,1,8,3,7,SLASHING,false,NULL,NULL,NULL
50f2cf9f-7cfb-5815-8382-f28240a9ac9b,2026-09-08T00:00:00,2026-09-08T00:00:00,0,c013ed1a-fc02-5547-bfe5-bd6072a9f98b,HIT,DAMAGE,0,1,8,3,7,PIERCING,false,NULL,NULL,NULL
b73c545e-c8bc-5320-8759-ba8c22c8163e,2026-09-08T00:00:00,2026-09-08T00:00:00,0,fb9f2860-545a-5320-95ce-c45f92485c9b,HIT,DAMAGE,0,1,10,5,10,SLASHING,false,NULL,NULL,NULL
126980bf-ea01-51d5-a811-424776bc7e81,2026-09-08T00:00:00,2026-09-08T00:00:00,0,fb9f2860-545a-5320-95ce-c45f92485c9b,HIT,DAMAGE,1,2,6,NULL,7,NECROTIC,false,NULL,NULL,NULL
769c6045-c4a2-5bff-a83c-a94f60954f42,2026-09-08T00:00:00,2026-09-08T00:00:00,0,779014e4-380c-5724-9c3c-15bfa4b5ebf9,SAVE_FAILURE,DAMAGE,0,2,10,4,15,BLUDGEONING,false,NULL,NULL,NULL
23a9e915-1579-5cc0-b5cc-a796ba3e3a94,2026-09-08T00:00:00,2026-09-08T00:00:00,0,779014e4-380c-5724-9c3c-15bfa4b5ebf9,SAVE_FAILURE,APPLY_CONDITION,1,NULL,NULL,NULL,NULL,NULL,false,c04d0000-0000-4000-a000-000000000006,14,NULL
1134a7b9-4efa-5938-b796-51459922b200,2026-09-08T00:00:00,2026-09-08T00:00:00,0,779014e4-380c-5724-9c3c-15bfa4b5ebf9,SAVE_FAILURE,APPLY_CONDITION,2,NULL,NULL,NULL,NULL,NULL,false,c04d0000-0000-4000-a000-00000000000d,14,NULL
29238cae-f307-53a9-bf7d-c47917245213,2026-09-08T00:00:00,2026-09-08T00:00:00,0,515ba04b-febb-5bcb-9f80-644a75766dc5,HIT,DAMAGE,0,2,6,3,10,SLASHING,false,NULL,NULL,NULL
13a58d5a-8ae9-5e4d-90bc-b8a77e184ccf,2026-09-08T00:00:00,2026-09-08T00:00:00,0,1770ab54-191e-5003-b39b-f438b2aeda12,HIT,DAMAGE,0,1,4,3,5,PIERCING,false,NULL,NULL,NULL
ac08e79d-6a74-5fe3-968b-7c9d7e62dbfa,2026-09-08T00:00:00,2026-09-08T00:00:00,0,1770ab54-191e-5003-b39b-f438b2aeda12,HIT,DAMAGE,1,4,6,NULL,14,POISON,false,NULL,NULL,NULL
55f1dabb-d329-5fdb-bdc2-8e068044095c,2026-09-08T00:00:00,2026-09-08T00:00:00,0,cf6580ac-6582-5c57-8e1b-0a1e45905b1a,HIT,DAMAGE,0,2,8,2,11,POISON,false,NULL,NULL,NULL
fd0cb76a-8d46-550b-8451-0bf9589e33af,2026-09-08T00:00:00,2026-09-08T00:00:00,0,c48d6f04-eb7e-5162-81e8-68215660b377,SAVE_FAILURE,APPLY_CONDITION,0,NULL,NULL,NULL,NULL,NULL,false,c04d0000-0000-4000-a000-00000000000d,NULL,NULL
702f04e0-7d29-56a3-9b1f-4b9f76340477,2026-09-08T00:00:00,2026-09-08T00:00:00,0,c48d6f04-eb7e-5162-81e8-68215660b377,SAVE_FAILURE,APPLY_CONDITION,1,NULL,NULL,NULL,NULL,NULL,false,c04d0000-0000-4000-a000-00000000000a,NULL,NULL
3a62baf3-d603-534d-9e81-c6a9a5bba7a0,2026-09-08T00:00:00,2026-09-08T00:00:00,0,7491c8cf-bd23-53af-aa03-395f9c1ce21b,SAVE_FAILURE,DAMAGE,0,2,4,NULL,5,BLUDGEONING,false,NULL,NULL,NULL
3a6495e0-33c8-5d41-a87f-13b484509a43,2026-09-08T00:00:00,2026-09-08T00:00:00,0,7491c8cf-bd23-53af-aa03-395f9c1ce21b,SAVE_SUCCESS,DAMAGE,1,NULL,NULL,NULL,NULL,NULL,true,NULL,NULL,NULL
456fc61e-8705-58c3-bd2e-72e89ac04097,2026-09-08T00:00:00,2026-09-08T00:00:00,0,5ae3efe3-17f2-5edf-981e-b1780e8aba73,HIT,DAMAGE,0,1,4,2,4,SLASHING,false,NULL,NULL,NULL
f311f5a3-f122-5331-b07e-32e79e0cea71,2026-09-08T00:00:00,2026-09-08T00:00:00,0,42278908-7270-5da4-bcfa-393749bf9ae1,SAVE_FAILURE,APPLY_CONDITION,0,NULL,NULL,NULL,NULL,NULL,false,c04d0000-0000-4000-a000-000000000001,NULL,NULL
fe14d1b0-c93f-51cc-8294-30a0bdf0be5a,2026-09-08T00:00:00,2026-09-08T00:00:00,0,78e76cdd-b5bc-521b-ac7b-8242115cb519,SAVE_FAILURE,DAMAGE,0,2,4,NULL,5,COLD,false,NULL,NULL,NULL
05542d23-7d29-58ac-aca4-3e245c7f2e1c,2026-09-08T00:00:00,2026-09-08T00:00:00,0,78e76cdd-b5bc-521b-ac7b-8242115cb519,SAVE_SUCCESS,DAMAGE,1,NULL,NULL,NULL,NULL,NULL,true,NULL,NULL,NULL
00d2578c-8097-59ca-8880-628973e52b83,2026-09-08T00:00:00,2026-09-08T00:00:00,0,ce388dba-74e9-5f35-9639-462ccdb631cd,HIT,DAMAGE,0,1,4,1,3,SLASHING,false,NULL,NULL,NULL
cc913bd5-bae5-55bc-9cb1-bdeb19357b9b,2026-09-08T00:00:00,2026-09-08T00:00:00,0,ce388dba-74e9-5f35-9639-462ccdb631cd,HIT,DAMAGE,1,1,4,NULL,2,COLD,false,NULL,NULL,NULL
c69aa5ec-165d-5833-8630-915c9e365341,2026-09-08T00:00:00,2026-09-08T00:00:00,0,b937311b-db90-5e78-8d2d-fa622efa0e40,SAVE_FAILURE,DAMAGE,0,3,4,NULL,7,COLD,false,NULL,NULL,NULL
d5c681e2-c23e-52b2-85a7-6635b5686a0b,2026-09-08T00:00:00,2026-09-08T00:00:00,0,b937311b-db90-5e78-8d2d-fa622efa0e40,SAVE_SUCCESS,DAMAGE,1,NULL,NULL,NULL,NULL,NULL,true,NULL,NULL,NULL
1def691f-b457-57b1-84a0-9a78643384e1,2026-09-08T00:00:00,2026-09-08T00:00:00,0,a58118e6-edb5-5c51-bfb8-d97218dc88b5,SAVE_FAILURE,DAMAGE,0,2,6,NULL,7,FIRE,false,NULL,NULL,NULL
4557bb44-03c4-5216-9752-00aa8e09ce78,2026-09-08T00:00:00,2026-09-08T00:00:00,0,a58118e6-edb5-5c51-bfb8-d97218dc88b5,SAVE_SUCCESS,DAMAGE,1,NULL,NULL,NULL,NULL,NULL,true,NULL,NULL,NULL
579a42fb-875b-5212-acf7-2c67d9054653,2026-09-08T00:00:00,2026-09-08T00:00:00,0,da49f00d-13f7-5735-8275-416958264af9,HIT,DAMAGE,0,1,4,1,3,SLASHING,false,NULL,NULL,NULL
ac1cef8b-add2-531d-882c-ce5f439856ff,2026-09-08T00:00:00,2026-09-08T00:00:00,0,da49f00d-13f7-5735-8275-416958264af9,HIT,DAMAGE,1,1,6,NULL,3,FIRE,false,NULL,NULL,NULL
816b16d4-ff17-5efa-b11e-9db4ec4920ea,2026-09-08T00:00:00,2026-09-08T00:00:00,0,515c5138-4791-5c30-8fb1-974fa894b48b,SAVE_FAILURE,DAMAGE,0,2,6,NULL,7,FIRE,false,NULL,NULL,NULL
d7eb2f48-a8c2-5156-a0d1-26ae469f9a9c,2026-09-08T00:00:00,2026-09-08T00:00:00,0,515c5138-4791-5c30-8fb1-974fa894b48b,SAVE_SUCCESS,DAMAGE,1,NULL,NULL,NULL,NULL,NULL,true,NULL,NULL,NULL
a526177f-6234-540e-9550-82f059356e5e,2026-09-08T00:00:00,2026-09-08T00:00:00,0,5406fb9d-1780-5687-a7f0-48cf2e5721bc,SAVE_FAILURE,DAMAGE,0,2,4,NULL,5,FIRE,false,NULL,NULL,NULL
26c17c42-8a58-55fa-a016-bff89cbd0055,2026-09-08T00:00:00,2026-09-08T00:00:00,0,5406fb9d-1780-5687-a7f0-48cf2e5721bc,SAVE_SUCCESS,DAMAGE,1,NULL,NULL,NULL,NULL,NULL,true,NULL,NULL,NULL
0b5804e8-538a-5b25-834a-4ea5d4665cda,2026-09-08T00:00:00,2026-09-08T00:00:00,0,272e0c7c-b96b-5595-9857-82df68d92b84,HIT,DAMAGE,0,1,4,NULL,2,SLASHING,false,NULL,NULL,NULL
1cde5288-fc4e-5178-84db-a59c899124ab,2026-09-08T00:00:00,2026-09-08T00:00:00,0,272e0c7c-b96b-5595-9857-82df68d92b84,HIT,DAMAGE,1,1,4,NULL,2,FIRE,false,NULL,NULL,NULL
f12518b8-1d89-506c-bffd-f51b65753a4b,2026-09-08T00:00:00,2026-09-08T00:00:00,0,ed04bf83-876c-5e5c-9f2f-ea8328e84e6a,SAVE_FAILURE,DAMAGE,0,2,4,NULL,5,FIRE,false,NULL,NULL,NULL
d5e9c97a-bbdb-54fd-90fe-d7b36f9a353a,2026-09-08T00:00:00,2026-09-08T00:00:00,0,ed04bf83-876c-5e5c-9f2f-ea8328e84e6a,SAVE_SUCCESS,DAMAGE,1,NULL,NULL,NULL,NULL,NULL,true,NULL,NULL,NULL
829ff197-9432-58c1-9891-868788299b81,2026-09-08T00:00:00,2026-09-08T00:00:00,0,251110ba-0dda-5275-b0ad-3692442256e0,HIT,DAMAGE,0,1,6,NULL,3,PIERCING,false,NULL,NULL,NULL
db1f13c2-c428-558e-a699-ca308e101caf,2026-09-08T00:00:00,2026-09-08T00:00:00,0,251110ba-0dda-5275-b0ad-3692442256e0,HIT,DAMAGE,1,1,4,NULL,2,COLD,false,NULL,NULL,NULL
115161b6-3825-5725-aa36-14c0330978e1,2026-09-08T00:00:00,2026-09-08T00:00:00,0,d3a75159-dfa6-5a39-a6fe-93bbb5762558,HIT,DAMAGE,0,1,4,4,6,PIERCING,false,NULL,NULL,NULL
f32b6dbb-b1cf-56ec-84cd-2c0f1271d8b9,2026-09-08T00:00:00,2026-09-08T00:00:00,0,d3a75159-dfa6-5a39-a6fe-93bbb5762558,HIT,APPLY_CONDITION,1,NULL,NULL,NULL,NULL,NULL,false,c04d0000-0000-4000-a000-00000000000b,NULL,NULL
97ac0d60-9a23-5d1b-b15f-663c2553d081,2026-09-08T00:00:00,2026-09-08T00:00:00,0,dc96665f-fb24-5c5b-a870-2634833d7b14,HIT,DAMAGE,0,2,4,4,9,SLASHING,false,NULL,NULL,NULL
b1329c3d-c951-5d33-acfc-116f064862f1,2026-09-08T00:00:00,2026-09-08T00:00:00,0,a0073837-61b7-583d-b97b-072d513aa89e,HIT,DAMAGE,0,2,6,4,11,PIERCING,false,NULL,NULL,NULL
12935a2a-7986-52aa-98ca-56a66e77c4b3,2026-09-08T00:00:00,2026-09-08T00:00:00,0,b9e4c2c3-3c2c-5e5f-a975-1de01ae3ed2b,HIT,DAMAGE,0,1,8,3,7,PIERCING,false,NULL,NULL,NULL
c622e90c-7119-53ac-abdf-42bb7794050b,2026-09-08T00:00:00,2026-09-08T00:00:00,0,b9e4c2c3-3c2c-5e5f-a975-1de01ae3ed2b,HIT,DAMAGE,1,2,8,3,12,PIERCING,false,NULL,NULL,NULL
242a153d-0b3f-5433-b20d-025956fe27e9,2026-09-08T00:00:00,2026-09-08T00:00:00,0,b9e4c2c3-3c2c-5e5f-a975-1de01ae3ed2b,HIT,DAMAGE,2,1,8,NULL,4,ACID,false,NULL,NULL,NULL
e477e87d-f00e-5989-aec6-119bbda1ca69,2026-09-08T00:00:00,2026-09-08T00:00:00,0,ce952e76-1efa-55f5-9cf2-677f5eb5fbc0,HIT,DAMAGE,0,1,8,3,7,BLUDGEONING,false,NULL,NULL,NULL
9780d808-7476-5b60-ad0a-5098fbc99f6e,2026-09-08T00:00:00,2026-09-08T00:00:00,0,ce952e76-1efa-55f5-9cf2-677f5eb5fbc0,HIT,DAMAGE,1,1,8,NULL,4,ACID,false,NULL,NULL,NULL
793c56f5-360f-5e90-b829-7872230775ff,2026-09-08T00:00:00,2026-09-08T00:00:00,0,ce952e76-1efa-55f5-9cf2-677f5eb5fbc0,HIT,APPLY_CONDITION,2,NULL,NULL,NULL,NULL,NULL,false,c04d0000-0000-4000-a000-000000000006,13,NULL
dc70283a-b100-55d9-9932-35fdfe618413,2026-09-08T00:00:00,2026-09-08T00:00:00,0,adee97a1-52fc-5700-842c-6d0ea0862621,HIT,DAMAGE,0,1,12,4,10,SLASHING,false,NULL,NULL,NULL
d0c6d061-824d-5ea1-bc54-b66fbe0020a4,2026-09-08T00:00:00,2026-09-08T00:00:00,0,adee97a1-52fc-5700-842c-6d0ea0862621,HIT,DAMAGE,1,3,6,NULL,10,NECROTIC,false,NULL,NULL,NULL
c2ac00cf-dbf8-5c86-a9ef-aebf2f96779e,2026-09-08T00:00:00,2026-09-08T00:00:00,0,f64d2300-b924-57a4-9d09-4a6f56649a34,HIT,DAMAGE,0,4,6,4,18,PIERCING,false,NULL,NULL,NULL
4bfa67cb-1658-5776-a25b-5205c33679fa,2026-09-08T00:00:00,2026-09-08T00:00:00,0,f64d2300-b924-57a4-9d09-4a6f56649a34,HIT,DAMAGE,1,3,6,NULL,10,PIERCING,false,NULL,NULL,NULL
94d230fe-eda5-526d-8699-99261fad5043,2026-09-08T00:00:00,2026-09-08T00:00:00,0,f64d2300-b924-57a4-9d09-4a6f56649a34,HIT,APPLY_CONDITION,2,NULL,NULL,NULL,NULL,NULL,false,c04d0000-0000-4000-a000-00000000000c,NULL,NULL
97663d60-7ee5-5b98-9012-e61b8f6ca5c1,2026-09-08T00:00:00,2026-09-08T00:00:00,0,ce059d48-e930-5802-ac2e-451e2d0e19cb,HIT,DAMAGE,0,1,10,3,8,BLUDGEONING,false,NULL,NULL,NULL
2b972d7f-e805-50fe-b9b4-f83968bfe726,2026-09-08T00:00:00,2026-09-08T00:00:00,0,ce059d48-e930-5802-ac2e-451e2d0e19cb,HIT,DAMAGE,1,3,6,NULL,10,NECROTIC,false,NULL,NULL,NULL
55d29f96-bf5f-5ff9-adb6-c1c00d052855,2026-09-08T00:00:00,2026-09-08T00:00:00,0,1a224cf5-a82c-5140-8b0e-522424a7fe5c,SAVE_FAILURE,APPLY_CONDITION,0,NULL,NULL,NULL,NULL,NULL,false,c04d0000-0000-4000-a000-000000000005,NULL,NULL
006d14af-3f9c-5eb8-86c9-444dd7486171,2026-09-08T00:00:00,2026-09-08T00:00:00,0,69ce50ea-e44e-5a48-af82-aba0e83b0631,HIT,DAMAGE,0,2,10,4,15,BLUDGEONING,false,NULL,NULL,NULL
b624bbab-5df7-5bc6-bded-9b9f511c7d57,2026-09-08T00:00:00,2026-09-08T00:00:00,0,69ce50ea-e44e-5a48-af82-aba0e83b0631,HIT,DAMAGE,1,3,6,NULL,10,NECROTIC,false,NULL,NULL,NULL
38015cff-b9cb-507d-9b41-2f014f64179d,2026-09-08T00:00:00,2026-09-08T00:00:00,0,7c4b3e07-6cbb-5e34-b1c4-1b2acb8a0927,HIT,DAMAGE,0,6,6,4,25,NECROTIC,false,NULL,NULL,NULL
3579abdf-ec67-5449-99a6-58b5b9574336,2026-09-08T00:00:00,2026-09-08T00:00:00,0,42c76579-db66-570e-8d94-d0da073594fe,SAVE_FAILURE,DAMAGE,0,6,6,4,25,PSYCHIC,false,NULL,NULL,NULL
9e091007-7347-5387-a4d3-0fd97237aa89,2026-09-08T00:00:00,2026-09-08T00:00:00,0,42c76579-db66-570e-8d94-d0da073594fe,SAVE_FAILURE,APPLY_CONDITION,1,NULL,NULL,NULL,NULL,NULL,false,c04d0000-0000-4000-a000-000000000009,NULL,NULL
c7b72ebb-42b6-544f-8e5d-84294ea42bf0,2026-09-08T00:00:00,2026-09-08T00:00:00,0,f7d4849b-d2b7-5740-85cc-c798eec0170b,HIT,DAMAGE,0,2,10,5,16,SLASHING,false,NULL,NULL,NULL
35523904-f05f-501c-93f9-138928ed7a61,2026-09-08T00:00:00,2026-09-08T00:00:00,0,f7d4849b-d2b7-5740-85cc-c798eec0170b,HIT,DAMAGE,1,2,10,NULL,11,FORCE,false,NULL,NULL,NULL
78405748-cfa9-5228-88d8-83811ed7bb13,2026-09-08T00:00:00,2026-09-08T00:00:00,0,31442cf3-7aaa-5b9e-907e-217ef10689bb,SAVE_FAILURE,DAMAGE,0,8,6,NULL,28,PSYCHIC,false,NULL,NULL,NULL
22120b44-f4b4-51a0-a7e4-cecd2016c928,2026-09-08T00:00:00,2026-09-08T00:00:00,0,31442cf3-7aaa-5b9e-907e-217ef10689bb,SAVE_FAILURE,APPLY_CONDITION,1,NULL,NULL,NULL,NULL,NULL,false,c04d0000-0000-4000-a000-000000000005,NULL,NULL
acccf7a4-132a-5733-94cf-5881346de589,2026-09-08T00:00:00,2026-09-08T00:00:00,0,84eb2192-5667-5d9a-9834-4c02a60d65bf,HIT,DAMAGE,0,2,8,4,13,SLASHING,false,NULL,NULL,NULL
c4246288-ef55-56da-aa82-d75307aa154a,2026-09-08T00:00:00,2026-09-08T00:00:00,0,65500e20-ffdb-588b-bcc7-0260fad3efab,HIT,DAMAGE,0,2,8,4,13,BLUDGEONING,false,NULL,NULL,NULL
61fda82a-b850-5912-9b8c-768234ab73fe,2026-09-08T00:00:00,2026-09-08T00:00:00,0,65500e20-ffdb-588b-bcc7-0260fad3efab,HIT,DAMAGE,1,3,6,NULL,10,FIRE,false,NULL,NULL,NULL
2a1132ac-b81c-53df-8333-e931b641a4f1,2026-09-08T00:00:00,2026-09-08T00:00:00,0,5391dd2f-0add-58be-b595-6f9802157d17,HIT,DAMAGE,0,1,8,1,5,PIERCING,false,NULL,NULL,NULL
0826c8d9-3f6c-59bb-9751-1fe89eba3151,2026-09-08T00:00:00,2026-09-08T00:00:00,0,ee5237ad-a1f8-5e86-8add-89fa98746adb,HIT,DAMAGE,0,3,6,2,12,ACID,false,NULL,NULL,NULL
b46c8df4-f397-558e-9e6d-8def8863dfa6,2026-09-08T00:00:00,2026-09-08T00:00:00,0,b3cd4722-604d-58d2-ae46-e5915189900d,HIT,DAMAGE,0,2,8,4,13,BLUDGEONING,false,NULL,NULL,NULL
1970a8c2-b7e9-56ea-a57f-85c5de12affb,2026-09-08T00:00:00,2026-09-08T00:00:00,0,12cfc518-49a8-58b4-8d8b-fb5932987a61,HIT,DAMAGE,0,2,6,4,11,PIERCING,false,NULL,NULL,NULL
c5c56a38-7a42-5781-be73-11b2e9928e95,2026-09-08T00:00:00,2026-09-08T00:00:00,0,195fd02d-dc88-5b94-8d11-2ff5ea14029d,HIT,DAMAGE,0,1,12,4,10,SLASHING,false,NULL,NULL,NULL
ec270637-d99d-57ff-8772-8a0b743ad4e0,2026-09-08T00:00:00,2026-09-08T00:00:00,0,195fd02d-dc88-5b94-8d11-2ff5ea14029d,HIT,DAMAGE,1,2,8,NULL,9,NECROTIC,false,NULL,NULL,NULL
49a245cb-2822-561a-963e-0c092a1c549e,2026-09-08T00:00:00,2026-09-08T00:00:00,0,1b6437c9-7dfe-52c7-85d1-e78235db05ac,HIT,DAMAGE,0,2,6,2,9,PSYCHIC,false,NULL,NULL,NULL
0e8da0f9-9546-5b07-887e-51bcca08c5f8,2026-09-08T00:00:00,2026-09-08T00:00:00,0,1b6437c9-7dfe-52c7-85d1-e78235db05ac,HIT,APPLY_CONDITION,1,NULL,NULL,NULL,NULL,NULL,false,c04d0000-0000-4000-a000-000000000005,NULL,NULL
817f7562-cb9c-54d0-8a0b-3048b8d9c946,2026-09-08T00:00:00,2026-09-08T00:00:00,0,f438595f-a236-5698-b2a6-fb7f2e107b51,HIT,DAMAGE,0,2,8,3,12,PIERCING,false,NULL,NULL,NULL
89dbaca8-2a0a-5978-bd74-3b9f798bcb39,2026-09-08T00:00:00,2026-09-08T00:00:00,0,f438595f-a236-5698-b2a6-fb7f2e107b51,HIT,APPLY_CONDITION,1,NULL,NULL,NULL,NULL,NULL,false,c04d0000-0000-4000-a000-00000000000b,NULL,NULL
3edd4ea4-636d-5f6a-9ae8-8f7afefc3c45,2026-09-08T00:00:00,2026-09-08T00:00:00,0,2b70b518-e7eb-5e16-8156-d2b482b7ab49,HIT,DAMAGE,0,2,8,3,12,PIERCING,false,NULL,NULL,NULL
121d0f4e-c654-5737-b47c-8f972cde846d,2026-09-08T00:00:00,2026-09-08T00:00:00,0,2b70b518-e7eb-5e16-8156-d2b482b7ab49,HIT,APPLY_CONDITION,1,NULL,NULL,NULL,NULL,NULL,false,c04d0000-0000-4000-a000-000000000006,13,NULL
ba8c760f-9b2b-5d50-af52-4d0b05abb280,2026-09-08T00:00:00,2026-09-08T00:00:00,0,09ab452e-e6c2-593b-952e-db4e12b27a1b,SAVE_FAILURE,DAMAGE,0,3,8,3,16,BLUDGEONING,false,NULL,NULL,NULL
5026bff5-056b-5c9f-b70a-80feef55e342,2026-09-08T00:00:00,2026-09-08T00:00:00,0,09ab452e-e6c2-593b-952e-db4e12b27a1b,SAVE_FAILURE,APPLY_CONDITION,1,NULL,NULL,NULL,NULL,NULL,false,c04d0000-0000-4000-a000-00000000000e,NULL,NULL
b2869db1-93be-5814-af64-86c7acbf85e1,2026-09-08T00:00:00,2026-09-08T00:00:00,0,09ab452e-e6c2-593b-952e-db4e12b27a1b,SAVE_SUCCESS,DAMAGE,2,NULL,NULL,NULL,NULL,NULL,true,NULL,NULL,NULL
510012ad-e49a-551e-814d-290b0598c000,2026-09-08T00:00:00,2026-09-08T00:00:00,0,8ba7a478-a5d3-5c21-88fb-90748968c094,HIT,DAMAGE,0,2,8,5,14,SLASHING,false,NULL,NULL,NULL
0f7eae9a-02d6-5713-82b3-06ec2e08641d,2026-09-08T00:00:00,2026-09-08T00:00:00,0,71f2613f-18ec-503e-b372-b2e0783ab934,HIT,DAMAGE,0,1,6,4,7,BLUDGEONING,false,NULL,NULL,NULL
eb16b2ae-ba55-5c3c-863e-7b86e8b4c119,2026-09-08T00:00:00,2026-09-08T00:00:00,0,71f2613f-18ec-503e-b372-b2e0783ab934,HIT,DAMAGE,1,2,4,NULL,5,RADIANT,false,NULL,NULL,NULL
4ee104a9-b65c-5a24-9503-9b4354a03a04,2026-09-08T00:00:00,2026-09-08T00:00:00,0,70d141ae-2f95-526d-bccd-9af3fa7dc017,HIT,DAMAGE,0,1,10,3,8,PIERCING,false,NULL,NULL,NULL
df024ded-540b-5d69-9d86-8caa79664f4f,2026-09-08T00:00:00,2026-09-08T00:00:00,0,70d141ae-2f95-526d-bccd-9af3fa7dc017,HIT,DAMAGE,1,2,8,NULL,9,POISON,false,NULL,NULL,NULL
6e29666c-bd29-52ae-a68d-d7631e604e91,2026-09-08T00:00:00,2026-09-08T00:00:00,0,70d141ae-2f95-526d-bccd-9af3fa7dc017,HIT,APPLY_CONDITION,2,NULL,NULL,NULL,NULL,NULL,false,c04d0000-0000-4000-a000-00000000000b,NULL,NULL
555b4264-c717-5f61-ad2f-97966f5322c6,2026-09-08T00:00:00,2026-09-08T00:00:00,0,70d141ae-2f95-526d-bccd-9af3fa7dc017,HIT,APPLY_CONDITION,3,NULL,NULL,NULL,NULL,NULL,false,c04d0000-0000-4000-a000-000000000009,NULL,NULL
c207936d-0f72-524a-8d2b-328f27dd93ab,2026-09-08T00:00:00,2026-09-08T00:00:00,0,3c6a2dfa-b26e-5350-bd52-33e4cfbdecc1,HIT,DAMAGE,0,1,4,3,5,PIERCING,false,NULL,NULL,NULL
9f04f012-fb37-580c-a34f-f54a5e4a0a7d,2026-09-08T00:00:00,2026-09-08T00:00:00,0,78d09c08-0ce1-5c90-a55e-d23312932383,SAVE_FAILURE,APPLY_CONDITION,0,NULL,NULL,NULL,NULL,NULL,false,c04d0000-0000-4000-a000-000000000002,NULL,NULL
7f4ac136-6099-57a4-9243-f2f872243525,2026-09-08T00:00:00,2026-09-08T00:00:00,0,a618fd2e-37ed-5304-938b-f24b7d55d704,HIT,DAMAGE,0,2,8,4,13,PIERCING,false,NULL,NULL,NULL
752901b7-5dae-5bd5-afb9-e14302cd4613,2026-09-08T00:00:00,2026-09-08T00:00:00,0,5a7d2fe3-510f-564e-9284-4c7992e1af95,HIT,DAMAGE,0,2,10,4,15,PIERCING,false,NULL,NULL,NULL
1507ace3-ec48-5ca7-83df-a30e538e8131,2026-09-08T00:00:00,2026-09-08T00:00:00,0,4929f329-3a73-5fc9-97f8-2f6ab1049c5e,SAVE_FAILURE,APPLY_CONDITION,0,NULL,NULL,NULL,NULL,NULL,false,c04d0000-0000-4000-a000-000000000002,NULL,NULL
b8a1a521-cfeb-5611-a27b-00209a5f0cb7,2026-09-08T00:00:00,2026-09-08T00:00:00,0,5d86c906-4da1-5e52-86e3-3d7eee004de8,SAVE_FAILURE,APPLY_CONDITION,0,NULL,NULL,NULL,NULL,NULL,false,c04d0000-0000-4000-a000-000000000005,NULL,NULL
c863df4c-4a1a-53bd-9b9a-e2c6b86f245c,2026-09-08T00:00:00,2026-09-08T00:00:00,0,0241f7c9-9da4-5648-bd59-d0d41d1c1c7e,HIT,DAMAGE,0,3,6,8,18,PIERCING,false,NULL,NULL,NULL
c7ce904f-6358-5162-88ba-6c086ef2e847,2026-09-08T00:00:00,2026-09-08T00:00:00,0,0241f7c9-9da4-5648-bd59-d0d41d1c1c7e,SAVE_FAILURE,DAMAGE,1,6,6,NULL,21,POISON,false,NULL,NULL,NULL
ea9cf13e-23fa-5ee9-aa70-b4588eddacca,2026-09-08T00:00:00,2026-09-08T00:00:00,0,0241f7c9-9da4-5648-bd59-d0d41d1c1c7e,SAVE_FAILURE,APPLY_CONDITION,2,NULL,NULL,NULL,NULL,NULL,false,c04d0000-0000-4000-a000-00000000000b,NULL,NULL
c2d132a1-b1f8-50ff-b6f0-894a572d5770,2026-09-08T00:00:00,2026-09-08T00:00:00,0,77f5da4b-04c5-5f3a-820e-3081303ae99f,HIT,DAMAGE,0,4,8,8,26,NECROTIC,false,NULL,NULL,NULL
fa8cfb39-6853-597b-bedc-f3bb00410a19,2026-09-08T00:00:00,2026-09-08T00:00:00,0,2473b77e-568d-59ef-a6d9-74cf7350260d,HIT,DAMAGE,0,4,6,8,22,FORCE,false,NULL,NULL,NULL
1f30fd59-f535-535e-81e3-e5d2da04c801,2026-09-08T00:00:00,2026-09-08T00:00:00,0,2473b77e-568d-59ef-a6d9-74cf7350260d,HIT,DAMAGE,1,6,6,NULL,21,FIRE,false,NULL,NULL,NULL
8b4e528b-b608-5a3c-a960-76a66ed26b29,2026-09-08T00:00:00,2026-09-08T00:00:00,0,fd1fec71-6200-5430-9bd5-7470b67b7dc4,HIT,DAMAGE,0,2,6,7,14,SLASHING,false,NULL,NULL,NULL
6e3102dd-7b86-5ab6-91f2-0598f2fb2637,2026-09-08T00:00:00,2026-09-08T00:00:00,0,fd1fec71-6200-5430-9bd5-7470b67b7dc4,HIT,DAMAGE,1,4,8,NULL,18,RADIANT,false,NULL,NULL,NULL
6575f33f-f176-5ed6-8f7f-db30f263f76e,2026-09-08T00:00:00,2026-09-08T00:00:00,0,dbf599d8-caae-57f0-99d5-54395257d4b2,SAVE_FAILURE,DAMAGE,0,7,6,NULL,24,RADIANT,false,NULL,NULL,NULL
d17810e5-321e-5697-babb-5a97b438c001,2026-09-08T00:00:00,2026-09-08T00:00:00,0,dbf599d8-caae-57f0-99d5-54395257d4b2,SAVE_SUCCESS,DAMAGE,1,NULL,NULL,NULL,NULL,NULL,true,NULL,NULL,NULL
120ccbd2-38ac-52f2-8239-4c6fe3e04bb5,2026-09-08T00:00:00,2026-09-08T00:00:00,0,810c27b1-6e41-5365-82bc-1b2b0af1c87a,HIT,DAMAGE,0,1,6,2,5,BLUDGEONING,false,NULL,NULL,NULL
06141868-4704-5896-a0ae-35e58bd4a35f,2026-09-08T00:00:00,2026-09-08T00:00:00,0,810c27b1-6e41-5365-82bc-1b2b0af1c87a,HIT,DAMAGE,1,1,4,NULL,2,RADIANT,false,NULL,NULL,NULL
c9562995-db4c-5107-962f-355c61cf0f1c,2026-09-08T00:00:00,2026-09-08T00:00:00,0,71b42ef5-9699-5fef-8fe1-b69767e0f4bb,HIT,DAMAGE,0,2,6,NULL,7,RADIANT,false,NULL,NULL,NULL
99a3058c-59eb-5081-ad66-4da0c37de0b4,2026-09-08T00:00:00,2026-09-08T00:00:00,0,2ef6cb1b-062a-523f-b270-34b52b32df7f,HIT,DAMAGE,0,1,6,3,6,BLUDGEONING,false,NULL,NULL,NULL
a49d76aa-3f5f-5061-a283-2a3946f03db0,2026-09-08T00:00:00,2026-09-08T00:00:00,0,2ef6cb1b-062a-523f-b270-34b52b32df7f,HIT,DAMAGE,1,2,4,NULL,5,RADIANT,false,NULL,NULL,NULL
645b68f4-a4b3-5b62-8fac-43d9598ff64f,2026-09-08T00:00:00,2026-09-08T00:00:00,0,d67a7573-017d-5287-9257-4fcde3b29785,HIT,DAMAGE,0,2,10,NULL,11,RADIANT,false,NULL,NULL,NULL
33926895-7cb0-57ee-9af4-74b4a144d936,2026-09-08T00:00:00,2026-09-08T00:00:00,0,9995b584-23bc-54e2-9957-4410a78d02ef,HIT,DAMAGE,0,1,4,2,4,PIERCING,false,NULL,NULL,NULL
8ba82444-6c28-5c3e-8f4a-e988ec5c0a41,2026-09-08T00:00:00,2026-09-08T00:00:00,0,0248a306-7116-5142-bcb7-a675356dd2bf,SAVE_FAILURE,DAMAGE,0,2,4,NULL,5,POISON,false,NULL,NULL,NULL
edd3b67b-0030-5521-a4e2-e3baeaed4113,2026-09-08T00:00:00,2026-09-08T00:00:00,0,0248a306-7116-5142-bcb7-a675356dd2bf,SAVE_FAILURE,APPLY_CONDITION,1,NULL,NULL,NULL,NULL,NULL,false,c04d0000-0000-4000-a000-00000000000b,NULL,NULL
69675e78-d242-58f7-829d-22f33774eb0e,2026-09-08T00:00:00,2026-09-08T00:00:00,0,0248a306-7116-5142-bcb7-a675356dd2bf,SAVE_FAILURE,APPLY_CONDITION,2,NULL,NULL,NULL,NULL,NULL,false,c04d0000-0000-4000-a000-00000000000f,NULL,NULL
4118cfac-9e74-50ba-ae69-283ae50e96ae,2026-09-08T00:00:00,2026-09-08T00:00:00,0,37fae7c1-bd1c-5a62-8710-f0db0567c0bb,HIT,DAMAGE,0,3,8,9,22,PIERCING,false,NULL,NULL,NULL
2a748499-a2bb-5ea8-9944-66b30c56e844,2026-09-08T00:00:00,2026-09-08T00:00:00,0,37fae7c1-bd1c-5a62-8710-f0db0567c0bb,HIT,APPLY_CONDITION,1,NULL,NULL,NULL,NULL,NULL,false,c04d0000-0000-4000-a000-000000000006,19,NULL
e7aa8e0a-3c66-541f-a563-f34b6a249288,2026-09-08T00:00:00,2026-09-08T00:00:00,0,37fae7c1-bd1c-5a62-8710-f0db0567c0bb,HIT,APPLY_CONDITION,2,NULL,NULL,NULL,NULL,NULL,false,c04d0000-0000-4000-a000-00000000000d,19,NULL
12608f9b-e826-5bad-84ea-b3d0c4ba08fb,2026-09-08T00:00:00,2026-09-08T00:00:00,0,1b3fdefc-cf89-5e78-91bf-af4783cbcfc9,HIT,DAMAGE,0,2,6,9,16,PIERCING,false,NULL,NULL,NULL
de942e6f-392b-5a3c-891b-aab779c76a66,2026-09-08T00:00:00,2026-09-08T00:00:00,0,1b3fdefc-cf89-5e78-91bf-af4783cbcfc9,HIT,DAMAGE,1,10,6,NULL,35,POISON,false,NULL,NULL,NULL
f6bf1a82-2f78-570b-9afd-d01c87296570,2026-09-08T00:00:00,2026-09-08T00:00:00,0,8af18914-7a88-5978-ac84-57913e84d875,SAVE_FAILURE,DAMAGE,0,5,6,NULL,17,ACID,false,NULL,NULL,NULL
082d8e7c-2b9c-5f68-a445-9153791306d3,2026-09-08T00:00:00,2026-09-08T00:00:00,0,8af18914-7a88-5978-ac84-57913e84d875,SAVE_FAILURE,APPLY_CONDITION,1,NULL,NULL,NULL,NULL,NULL,false,c04d0000-0000-4000-a000-00000000000c,NULL,NULL
28be3464-3503-54ba-80b3-785785d3a635,2026-09-08T00:00:00,2026-09-08T00:00:00,0,8af18914-7a88-5978-ac84-57913e84d875,SAVE_FAILURE,APPLY_CONDITION,2,NULL,NULL,NULL,NULL,NULL,false,c04d0000-0000-4000-a000-00000000000d,NULL,NULL
f60e02f3-8d1f-545c-a5a5-3090f537ce51,2026-09-08T00:00:00,2026-09-08T00:00:00,0,9cb54093-0981-5ecf-8175-51a458bd2691,HIT,DAMAGE,0,1,4,3,5,SLASHING,false,NULL,NULL,NULL
a806b496-8b58-5fc1-8f0b-221f4adbea7b,2026-09-08T00:00:00,2026-09-08T00:00:00,0,9cb54093-0981-5ecf-8175-51a458bd2691,HIT,APPLY_CONDITION,1,NULL,NULL,NULL,NULL,NULL,false,c04d0000-0000-4000-a000-00000000000b,NULL,NULL
44578b60-d60e-507a-a2e5-e433144abd9e,2026-09-08T00:00:00,2026-09-08T00:00:00,0,7901ae3b-2e7d-51f0-9511-95a15de10b89,SAVE_FAILURE,APPLY_CONDITION,0,NULL,NULL,NULL,NULL,NULL,false,c04d0000-0000-4000-a000-000000000005,NULL,NULL
19b8173c-80e1-52c0-812b-44cbc144f025,2026-09-08T00:00:00,2026-09-08T00:00:00,0,e958f405-f064-57ea-8202-5caa30f1b133,HIT,DAMAGE,0,2,6,5,12,SLASHING,false,NULL,NULL,NULL
4d118461-31b6-59ee-b0ea-dc2e8030ef43,2026-09-08T00:00:00,2026-09-08T00:00:00,0,e958f405-f064-57ea-8202-5caa30f1b133,HIT,DAMAGE,1,3,12,NULL,19,NECROTIC,false,NULL,NULL,NULL
c2811378-a53d-5744-a894-b5a851cec844,2026-09-08T00:00:00,2026-09-08T00:00:00,0,ab8c107c-2fa7-5f8b-a72f-971292086a82,SAVE_FAILURE,DAMAGE,0,8,6,NULL,28,PSYCHIC,false,NULL,NULL,NULL
18eae736-f180-5623-a232-2903557ee5c3,2026-09-08T00:00:00,2026-09-08T00:00:00,0,3c888f44-6096-55f2-97df-22a9553061b1,HIT,DAMAGE,0,1,10,4,9,SLASHING,false,NULL,NULL,NULL
d40e216a-8788-5390-89f0-faad8d16ed78,2026-09-08T00:00:00,2026-09-08T00:00:00,0,3c888f44-6096-55f2-97df-22a9553061b1,HIT,DAMAGE,1,1,6,NULL,3,FIRE,false,NULL,NULL,NULL
d8660ff9-d927-5bb7-a1c3-a12e10b7363a,2026-09-08T00:00:00,2026-09-08T00:00:00,0,0ad2d587-903a-5393-98c2-7582fc08f702,SAVE_FAILURE,DAMAGE,0,7,6,NULL,24,FIRE,false,NULL,NULL,NULL
3bb5f9e7-bf07-5bd8-a8c6-f07adcc6b5d5,2026-09-08T00:00:00,2026-09-08T00:00:00,0,0ad2d587-903a-5393-98c2-7582fc08f702,SAVE_SUCCESS,DAMAGE,1,NULL,NULL,NULL,NULL,NULL,true,NULL,NULL,NULL
c6b45f28-a92d-5e5a-9d8d-5051b5307b58,2026-09-08T00:00:00,2026-09-08T00:00:00,0,dc3a1d13-0c01-5512-9c61-bcf46ff4ffc9,HIT,DAMAGE,0,2,6,6,13,SLASHING,false,NULL,NULL,NULL
a21aac96-e664-50df-878b-5dd213662519,2026-09-08T00:00:00,2026-09-08T00:00:00,0,dc3a1d13-0c01-5512-9c61-bcf46ff4ffc9,HIT,DAMAGE,1,1,6,NULL,3,FIRE,false,NULL,NULL,NULL
b0b4f681-2b87-53f9-bcf7-84195d357db9,2026-09-08T00:00:00,2026-09-08T00:00:00,0,98b5b8ec-986e-5ede-8749-90fd971fb99f,SAVE_FAILURE,DAMAGE,0,16,6,NULL,56,FIRE,false,NULL,NULL,NULL
2534443a-29e9-5132-9cbc-51640eab287a,2026-09-08T00:00:00,2026-09-08T00:00:00,0,98b5b8ec-986e-5ede-8749-90fd971fb99f,SAVE_SUCCESS,DAMAGE,1,NULL,NULL,NULL,NULL,NULL,true,NULL,NULL,NULL
e28c0155-723b-5175-82c6-dc7b5fdadd9b,2026-09-08T00:00:00,2026-09-08T00:00:00,0,68846608-77ed-5f14-af57-ca18fac32def,HIT,DAMAGE,0,1,10,8,13,SLASHING,false,NULL,NULL,NULL
678a4092-872e-5ad8-80a4-70830ee89977,2026-09-08T00:00:00,2026-09-08T00:00:00,0,68846608-77ed-5f14-af57-ca18fac32def,HIT,DAMAGE,1,2,4,NULL,5,FIRE,false,NULL,NULL,NULL
4ff7e846-739f-5814-84a2-38c57e35c21b,2026-09-08T00:00:00,2026-09-08T00:00:00,0,a1d3e8c4-6ba1-54ee-95a4-2f9e918fb7c0,SAVE_FAILURE,DAMAGE,0,17,6,NULL,59,FIRE,false,NULL,NULL,NULL
1890b456-9ff5-59af-8222-6fe06fc386ec,2026-09-08T00:00:00,2026-09-08T00:00:00,0,a1d3e8c4-6ba1-54ee-95a4-2f9e918fb7c0,SAVE_SUCCESS,DAMAGE,1,NULL,NULL,NULL,NULL,NULL,true,NULL,NULL,NULL
0cb6d9c6-ea77-578c-a3cb-a76f50af1774,2026-09-08T00:00:00,2026-09-08T00:00:00,0,013ac35f-5685-53e3-ac31-8acdda146a94,HIT,DAMAGE,0,2,8,10,19,SLASHING,false,NULL,NULL,NULL
0c9a204a-8429-58b8-aa82-5f78545f0798,2026-09-08T00:00:00,2026-09-08T00:00:00,0,013ac35f-5685-53e3-ac31-8acdda146a94,HIT,DAMAGE,1,3,6,NULL,10,FIRE,false,NULL,NULL,NULL
665588b5-5e5b-5f6a-835c-73aebcdc3798,2026-09-08T00:00:00,2026-09-08T00:00:00,0,785c39bb-18bf-598c-8ced-1f546444f0e4,SAVE_FAILURE,DAMAGE,0,26,6,NULL,91,FIRE,false,NULL,NULL,NULL
285edcd3-c81f-535a-baa9-eec74b3d17ad,2026-09-08T00:00:00,2026-09-08T00:00:00,0,785c39bb-18bf-598c-8ced-1f546444f0e4,SAVE_SUCCESS,DAMAGE,1,NULL,NULL,NULL,NULL,NULL,true,NULL,NULL,NULL
37d8333b-a6d8-5f29-abd9-9eaaf285b248,2026-09-08T00:00:00,2026-09-08T00:00:00,0,61cac302-bca5-5660-9550-04052da73cc1,ALWAYS,DAMAGE,0,3,10,NULL,16,FIRE,false,NULL,NULL,NULL
e4f6c017-cf58-560c-90f4-2476239477f4,2026-09-08T00:00:00,2026-09-08T00:00:00,0,78cdcbff-43c9-57ee-9045-e3eef55d33a6,HIT,DAMAGE,0,2,10,7,18,PIERCING,false,NULL,NULL,NULL
f136e50a-06c1-5424-8208-46f27430e337,2026-09-08T00:00:00,2026-09-08T00:00:00,0,78cdcbff-43c9-57ee-9045-e3eef55d33a6,HIT,DAMAGE,1,4,6,NULL,14,FIRE,false,NULL,NULL,NULL
673084f8-70bb-5c11-bd27-78a6e4748bfe,2026-09-08T00:00:00,2026-09-08T00:00:00,0,78cdcbff-43c9-57ee-9045-e3eef55d33a6,HIT,APPLY_CONDITION,2,NULL,NULL,NULL,NULL,NULL,false,c04d0000-0000-4000-a000-000000000006,17,NULL
8b671ccb-0225-58e3-8ce3-7987cfb7237c,2026-09-08T00:00:00,2026-09-08T00:00:00,0,78cdcbff-43c9-57ee-9045-e3eef55d33a6,HIT,APPLY_CONDITION,3,NULL,NULL,NULL,NULL,NULL,false,c04d0000-0000-4000-a000-00000000000d,17,NULL
427f2c66-f264-53da-99cb-b641dfd855df,2026-09-08T00:00:00,2026-09-08T00:00:00,0,4f125613-7aed-545d-8220-20d840cf47ce,SAVE_FAILURE,DAMAGE,0,3,6,NULL,10,ACID,false,NULL,NULL,NULL
033b0d02-f0ac-52fa-9c37-384e5235e119,2026-09-08T00:00:00,2026-09-08T00:00:00,0,4f125613-7aed-545d-8220-20d840cf47ce,SAVE_FAILURE,DAMAGE,1,3,6,NULL,10,FIRE,false,NULL,NULL,NULL
5cf34ba0-d272-5e62-bb9e-8ef75785eac8,2026-09-08T00:00:00,2026-09-08T00:00:00,0,4f125613-7aed-545d-8220-20d840cf47ce,SAVE_FAILURE,APPLY_CONDITION,2,NULL,NULL,NULL,NULL,NULL,false,c04d0000-0000-4000-a000-00000000000c,NULL,NULL
216cc3d2-2e3a-5fc3-bfb6-f2eed577b4bc,2026-09-08T00:00:00,2026-09-08T00:00:00,0,4f125613-7aed-545d-8220-20d840cf47ce,SAVE_FAILURE,APPLY_CONDITION,3,NULL,NULL,NULL,NULL,NULL,false,c04d0000-0000-4000-a000-00000000000d,NULL,NULL
863b1451-2f71-5721-9d9e-e4f156aac88b,2026-09-08T00:00:00,2026-09-08T00:00:00,0,9e7941a1-c9a6-5b07-8cf7-29496a91d2a2,HIT,DAMAGE,0,3,12,9,28,PIERCING,false,NULL,NULL,NULL
d56036d8-dec4-5377-b602-1664ef9e2b0b,2026-09-08T00:00:00,2026-09-08T00:00:00,0,f548cc58-a5b9-554a-b086-205d92386353,HIT,DAMAGE,0,4,6,9,23,SLASHING,false,NULL,NULL,NULL
944a4efb-e583-5973-9880-023e4098b29e,2026-09-08T00:00:00,2026-09-08T00:00:00,0,f548cc58-a5b9-554a-b086-205d92386353,HIT,APPLY_CONDITION,1,NULL,NULL,NULL,NULL,NULL,false,c04d0000-0000-4000-a000-000000000006,19,NULL
fbce2f0c-64bc-5bcb-bd82-1ae28035e792,2026-09-08T00:00:00,2026-09-08T00:00:00,0,f548cc58-a5b9-554a-b086-205d92386353,HIT,APPLY_CONDITION,2,NULL,NULL,NULL,NULL,NULL,false,c04d0000-0000-4000-a000-00000000000d,19,NULL
b1a04476-c758-5238-b0e3-01a623a71822,2026-09-08T00:00:00,2026-09-08T00:00:00,0,909e2d22-45d9-506e-8f57-4dd73af88a4f,HIT,DAMAGE,0,3,8,4,17,PIERCING,false,NULL,NULL,NULL
f371c7f6-89e6-585c-98e3-895d90fb1fee,2026-09-08T00:00:00,2026-09-08T00:00:00,0,3a05de74-0c79-5094-8086-bd53ed843cf5,HIT,APPLY_CONDITION,0,NULL,NULL,NULL,NULL,NULL,false,c04d0000-0000-4000-a000-000000000006,14,NULL
03cf5b68-18a1-5084-aaac-091abb2a76d2,2026-09-08T00:00:00,2026-09-08T00:00:00,0,3a05de74-0c79-5094-8086-bd53ed843cf5,HIT,APPLY_CONDITION,1,NULL,NULL,NULL,NULL,NULL,false,c04d0000-0000-4000-a000-00000000000b,14,NULL
49d7e2ac-b8a5-5fd6-a23a-60ad4df01fdc,2026-09-08T00:00:00,2026-09-08T00:00:00,0,717e2ae2-31e5-5476-969c-648b5b4a4c0b,HIT,DAMAGE,0,1,8,1,5,PIERCING,false,NULL,NULL,NULL
6027421c-b6de-5e0d-a37e-90aab9a4559e,2026-09-08T00:00:00,2026-09-08T00:00:00,0,01bb1ccb-fb2c-52dc-a865-f748011739b3,HIT,DAMAGE,0,1,6,1,4,SLASHING,false,NULL,NULL,NULL
3598914a-531b-59be-933e-d08718a66c33,2026-09-08T00:00:00,2026-09-08T00:00:00,0,2e206d4f-845a-58b7-9b09-006ca945ba43,ALWAYS,DAMAGE,0,2,6,NULL,7,FIRE,false,NULL,NULL,NULL
d6a82585-ec0e-5457-ae13-977b89f1cb5d,2026-09-08T00:00:00,2026-09-08T00:00:00,0,f6117f96-945b-5d0f-ab4f-e00734299e6b,HIT,DAMAGE,0,2,8,4,13,PIERCING,false,NULL,NULL,NULL
207f53c0-61ab-50ee-a60c-1d84bf1b6b54,2026-09-08T00:00:00,2026-09-08T00:00:00,0,f6117f96-945b-5d0f-ab4f-e00734299e6b,HIT,DAMAGE,1,2,6,NULL,7,FIRE,false,NULL,NULL,NULL
a36d7cd7-a921-53e8-8d26-901b68e7a583,2026-09-08T00:00:00,2026-09-08T00:00:00,0,b4b0bcaa-0a5d-5a92-9296-71c7b4d0671a,SAVE_FAILURE,DAMAGE,0,2,6,4,11,BLUDGEONING,false,NULL,NULL,NULL
cc7fb621-b555-5fd3-bc54-a31e0f04d81d,2026-09-08T00:00:00,2026-09-08T00:00:00,0,b4b0bcaa-0a5d-5a92-9296-71c7b4d0671a,SAVE_FAILURE,DAMAGE,1,2,6,NULL,7,FIRE,false,NULL,NULL,NULL
a909d7ef-4349-5ae4-9860-62554475f934,2026-09-08T00:00:00,2026-09-08T00:00:00,0,b4b0bcaa-0a5d-5a92-9296-71c7b4d0671a,SAVE_FAILURE,APPLY_CONDITION,2,NULL,NULL,NULL,NULL,NULL,false,c04d0000-0000-4000-a000-000000000006,14,NULL
36d71b50-dfbb-5cef-8fd4-425a4f1c9f61,2026-09-08T00:00:00,2026-09-08T00:00:00,0,b4b0bcaa-0a5d-5a92-9296-71c7b4d0671a,SAVE_FAILURE,APPLY_CONDITION,3,NULL,NULL,NULL,NULL,NULL,false,c04d0000-0000-4000-a000-00000000000d,14,NULL
135bed5a-7248-572e-a32c-a0955ddf095a,2026-09-08T00:00:00,2026-09-08T00:00:00,0,e38a442b-e289-5e32-9d80-1ce60f531590,HIT,DAMAGE,0,1,4,3,5,BLUDGEONING,false,NULL,NULL,NULL
42327d8f-34ad-55a6-a8bf-8189346da43e,2026-09-08T00:00:00,2026-09-08T00:00:00,0,85764622-0d6a-5f9e-bb4e-be1404946fb4,SAVE_FAILURE,DAMAGE,0,1,6,2,5,PSYCHIC,false,NULL,NULL,NULL
ea967671-b02d-5f45-be14-11e4960ad0e1,2026-09-08T00:00:00,2026-09-08T00:00:00,0,6b4d2819-41bf-52dc-9344-9b1ac2eb756a,HIT,DAMAGE,0,1,6,2,5,PIERCING,false,NULL,NULL,NULL
81951183-cd7a-5a70-b509-0351a43c849e,2026-09-08T00:00:00,2026-09-08T00:00:00,0,01eb812d-2969-59e0-8be5-ebdfc10982a6,HIT,DAMAGE,0,1,8,2,6,PIERCING,false,NULL,NULL,NULL
c32c2eb6-0286-56c2-9b5a-7c4c8e81232c,2026-09-08T00:00:00,2026-09-08T00:00:00,0,c660a54b-c5ae-5f90-8f46-f49c7875d212,SAVE_FAILURE,APPLY_CONDITION,0,NULL,NULL,NULL,NULL,NULL,false,c04d0000-0000-4000-a000-000000000005,NULL,NULL
787e87b4-da61-5292-a9a0-33a0e328bbbc,2026-09-08T00:00:00,2026-09-08T00:00:00,0,da10306a-c588-5d99-a43b-674532ab4e7c,HIT,DAMAGE,0,2,6,3,10,SLASHING,false,NULL,NULL,NULL
64bfa7a2-a9da-5323-98ed-aea88b2bfd6e,2026-09-08T00:00:00,2026-09-08T00:00:00,0,bd9f650c-0248-548e-b302-58d80c58147e,SAVE_FAILURE,DAMAGE,0,3,8,NULL,13,PSYCHIC,false,NULL,NULL,NULL
eb0db4a4-d0e9-5068-a258-5c857f5b4143,2026-09-08T00:00:00,2026-09-08T00:00:00,0,37436cde-3d68-5684-9174-afdcbb7c9103,HIT,DAMAGE,0,1,6,2,5,NECROTIC,false,NULL,NULL,NULL
cbfe5b45-175b-5386-bcfe-6a06de57ead1,2026-09-08T00:00:00,2026-09-08T00:00:00,0,b7fdddf5-8c50-50a2-8078-21faaf53ee32,HIT,DAMAGE,0,1,6,4,7,BLUDGEONING,false,NULL,NULL,NULL
128a60a7-1830-582f-adf2-99d93648e854,2026-09-08T00:00:00,2026-09-08T00:00:00,0,b7fdddf5-8c50-50a2-8078-21faaf53ee32,HIT,DAMAGE,1,2,4,NULL,5,LIGHTNING,false,NULL,NULL,NULL
703ee856-c1ef-5760-9c45-bb3f9a0ed175,2026-09-08T00:00:00,2026-09-08T00:00:00,0,42edf46d-a39d-5e01-95f8-f5d2348986fb,SAVE_FAILURE,DAMAGE,0,3,6,NULL,10,LIGHTNING,false,NULL,NULL,NULL
e5ede14f-04d4-5e3a-86a2-b3e3b325e040,2026-09-08T00:00:00,2026-09-08T00:00:00,0,42edf46d-a39d-5e01-95f8-f5d2348986fb,SAVE_FAILURE,APPLY_CONDITION,1,NULL,NULL,NULL,NULL,NULL,false,c04d0000-0000-4000-a000-000000000006,14,NULL
c67f00dc-17e2-56f4-9640-4905f1fa4578,2026-09-08T00:00:00,2026-09-08T00:00:00,0,15123dac-a5c4-5470-8847-ff8bf3c0b842,HIT,DAMAGE,0,2,6,4,11,BLUDGEONING,false,NULL,NULL,NULL
7ff58f84-bb38-5931-b621-14becb256ce5,2026-09-08T00:00:00,2026-09-08T00:00:00,0,15123dac-a5c4-5470-8847-ff8bf3c0b842,HIT,DAMAGE,1,2,6,NULL,7,FORCE,false,NULL,NULL,NULL
17da007b-6b05-5239-b0d6-fa75e092ef3a,2026-09-08T00:00:00,2026-09-08T00:00:00,0,e0d8f1e6-891d-513f-b3ae-6a60fd1b59af,HIT,DAMAGE,0,1,10,4,9,PIERCING,false,NULL,NULL,NULL
d502d7ca-e5d7-596a-84ed-3ae0756cf683,2026-09-08T00:00:00,2026-09-08T00:00:00,0,27ef0321-a901-5a1e-a728-044852868db5,SAVE_FAILURE,DAMAGE,0,4,8,NULL,18,COLD,false,NULL,NULL,NULL
70a6eb6c-dd99-55aa-a940-0aeb09848488,2026-09-08T00:00:00,2026-09-08T00:00:00,0,27ef0321-a901-5a1e-a728-044852868db5,SAVE_SUCCESS,DAMAGE,1,NULL,NULL,NULL,NULL,NULL,true,NULL,NULL,NULL
71115720-4175-57bd-b306-de2082071cc3,2026-09-08T00:00:00,2026-09-08T00:00:00,0,ce84c698-d89f-59f9-98c6-ca442f19b88a,SAVE_FAILURE,APPLY_CONDITION,0,NULL,NULL,NULL,NULL,NULL,false,c04d0000-0000-4000-a000-000000000007,NULL,NULL
26bd58c6-d9fe-5a06-ad76-a5591c484ccc,2026-09-08T00:00:00,2026-09-08T00:00:00,0,ce84c698-d89f-59f9-98c6-ca442f19b88a,SAVE_FAILURE,APPLY_CONDITION,1,NULL,NULL,NULL,NULL,NULL,false,c04d0000-0000-4000-a000-000000000009,NULL,NULL
826826f8-c160-5b9e-9286-f1484dd684de,2026-09-08T00:00:00,2026-09-08T00:00:00,0,bd755233-bba1-5c96-a8c5-07dca81f784f,HIT,DAMAGE,0,2,8,6,15,SLASHING,false,NULL,NULL,NULL
b94ef53b-2bc8-5cbe-a252-ff81c5284dd9,2026-09-08T00:00:00,2026-09-08T00:00:00,0,3749955a-902a-55ad-a8cc-faad22cafbcc,SAVE_FAILURE,DAMAGE,0,11,8,NULL,49,COLD,false,NULL,NULL,NULL
5aaaed87-583b-5a29-a2b5-a63ebe847b17,2026-09-08T00:00:00,2026-09-08T00:00:00,0,3749955a-902a-55ad-a8cc-faad22cafbcc,SAVE_SUCCESS,DAMAGE,1,NULL,NULL,NULL,NULL,NULL,true,NULL,NULL,NULL
7f261251-5a20-56f2-8f43-80c6195a087f,2026-09-08T00:00:00,2026-09-08T00:00:00,0,59279988-e8e6-514e-aaf2-09b63ce57307,SAVE_FAILURE,APPLY_CONDITION,0,NULL,NULL,NULL,NULL,NULL,false,c04d0000-0000-4000-a000-000000000007,NULL,NULL
a2672c6d-40e2-5d70-acbe-c1cf4e22ddb3,2026-09-08T00:00:00,2026-09-08T00:00:00,0,59279988-e8e6-514e-aaf2-09b63ce57307,SAVE_FAILURE,APPLY_CONDITION,1,NULL,NULL,NULL,NULL,NULL,false,c04d0000-0000-4000-a000-000000000009,NULL,NULL
26e62a55-46c5-5de6-94da-8ffbfe0cd983,2026-09-08T00:00:00,2026-09-08T00:00:00,0,9afb9459-db36-5b29-860e-84d19c88a04c,HIT,DAMAGE,0,2,8,8,17,SLASHING,false,NULL,NULL,NULL
35b72421-be59-5262-848a-67da885e23f7,2026-09-08T00:00:00,2026-09-08T00:00:00,0,9afb9459-db36-5b29-860e-84d19c88a04c,HIT,DAMAGE,1,1,8,NULL,4,COLD,false,NULL,NULL,NULL
ab2d4ba6-e1cc-5cd4-b053-6b149aea60fa,2026-09-08T00:00:00,2026-09-08T00:00:00,0,974f8814-6c0b-5c54-a082-90061c331e8c,SAVE_FAILURE,DAMAGE,0,12,8,NULL,54,COLD,false,NULL,NULL,NULL
88d0e34a-068c-5142-a531-a1d810d0825b,2026-09-08T00:00:00,2026-09-08T00:00:00,0,974f8814-6c0b-5c54-a082-90061c331e8c,SAVE_SUCCESS,DAMAGE,1,NULL,NULL,NULL,NULL,NULL,true,NULL,NULL,NULL
6f4b255f-cf82-5e64-b8d6-906680451f75,2026-09-08T00:00:00,2026-09-08T00:00:00,0,fa98f4c3-76d0-5571-8c35-778cc9ba7b2a,SAVE_FAILURE,APPLY_CONDITION,0,NULL,NULL,NULL,NULL,NULL,false,c04d0000-0000-4000-a000-000000000007,NULL,NULL
05381352-3812-5804-8720-55cf25d38f27,2026-09-08T00:00:00,2026-09-08T00:00:00,0,fa98f4c3-76d0-5571-8c35-778cc9ba7b2a,SAVE_FAILURE,APPLY_CONDITION,1,NULL,NULL,NULL,NULL,NULL,false,c04d0000-0000-4000-a000-000000000009,NULL,NULL
0f9f97f5-6798-5ba5-93d3-9515db86f2c9,2026-09-08T00:00:00,2026-09-08T00:00:00,0,9fefb08c-cd7a-5ab1-b943-8c7299e4e62d,SAVE_FAILURE,DAMAGE,0,4,6,NULL,14,COLD,false,NULL,NULL,NULL
f8b76162-d960-56ad-bb41-a734424686a9,2026-09-08T00:00:00,2026-09-08T00:00:00,0,9fefb08c-cd7a-5ab1-b943-8c7299e4e62d,SAVE_SUCCESS,DAMAGE,1,NULL,NULL,NULL,NULL,NULL,true,NULL,NULL,NULL
444db05d-589d-5309-8335-0eb4219221c6,2026-09-08T00:00:00,2026-09-08T00:00:00,0,c49d7f08-cd27-5b83-b1c3-916e10e29b47,HIT,DAMAGE,0,2,8,10,19,SLASHING,false,NULL,NULL,NULL
32cc89f4-6782-5aba-a552-16d204a8913d,2026-09-08T00:00:00,2026-09-08T00:00:00,0,c49d7f08-cd27-5b83-b1c3-916e10e29b47,HIT,DAMAGE,1,2,8,NULL,9,COLD,false,NULL,NULL,NULL
fdc30585-4511-5b8f-a68a-d22a6a225711,2026-09-08T00:00:00,2026-09-08T00:00:00,0,d5260183-ef87-503f-bd0c-67dded1b651f,SAVE_FAILURE,DAMAGE,0,15,8,NULL,67,COLD,false,NULL,NULL,NULL
358709df-1450-5bc2-b8be-2d31e65bd04a,2026-09-08T00:00:00,2026-09-08T00:00:00,0,d5260183-ef87-503f-bd0c-67dded1b651f,SAVE_SUCCESS,DAMAGE,1,NULL,NULL,NULL,NULL,NULL,true,NULL,NULL,NULL
6b2826f0-cf06-5b3f-83cd-53c156fad47e,2026-09-08T00:00:00,2026-09-08T00:00:00,0,5f18ce41-6993-5edd-89e2-778eecbeded8,SAVE_FAILURE,APPLY_CONDITION,0,NULL,NULL,NULL,NULL,NULL,false,c04d0000-0000-4000-a000-000000000007,NULL,NULL
96f5a31e-32a4-525a-904c-1810c64aa8a8,2026-09-08T00:00:00,2026-09-08T00:00:00,0,5f18ce41-6993-5edd-89e2-778eecbeded8,SAVE_FAILURE,APPLY_CONDITION,1,NULL,NULL,NULL,NULL,NULL,false,c04d0000-0000-4000-a000-000000000009,NULL,NULL
6df3de58-033a-597c-a0af-4b357aea392c,2026-09-08T00:00:00,2026-09-08T00:00:00,0,716f9373-1101-5f12-a9eb-25e473d0dd83,SAVE_FAILURE,DAMAGE,0,4,6,NULL,14,COLD,false,NULL,NULL,NULL
463cd908-e7a4-5e72-92d9-dd855638c5d4,2026-09-08T00:00:00,2026-09-08T00:00:00,0,716f9373-1101-5f12-a9eb-25e473d0dd83,SAVE_SUCCESS,DAMAGE,1,NULL,NULL,NULL,NULL,NULL,true,NULL,NULL,NULL
ac5b4d90-fc4e-5e0a-a83e-104662fe9f6f,2026-09-08T00:00:00,2026-09-08T00:00:00,0,51c272c9-f107-588e-a979-fc55400f715c,HIT,DAMAGE,0,1,6,3,6,PIERCING,false,NULL,NULL,NULL
a68f395b-ed58-5906-b813-ed46ddbf18e7,2026-09-08T00:00:00,2026-09-08T00:00:00,0,b4ca6797-0b25-5488-97bd-996099927f4e,HIT,DAMAGE,0,1,6,3,6,PIERCING,false,NULL,NULL,NULL
8f6a6663-0cfc-5e42-9239-a8a9ce892db1,2026-09-08T00:00:00,2026-09-08T00:00:00,0,cb5080c7-0498-54fc-954a-007f85dd18dc,HIT,DAMAGE,0,1,6,4,7,BLUDGEONING,false,NULL,NULL,NULL
2e5456ed-f47a-5a68-947e-844af0c2aff9,2026-09-08T00:00:00,2026-09-08T00:00:00,0,cb5080c7-0498-54fc-954a-007f85dd18dc,HIT,APPLY_CONDITION,1,NULL,NULL,NULL,NULL,NULL,false,c04d0000-0000-4000-a000-00000000000c,NULL,NULL
7bed76d5-fc93-553b-a5b7-4aa83030b549,2026-09-08T00:00:00,2026-09-08T00:00:00,0,97baf3a6-c776-5bdc-a7b4-1d576d132b87,HIT,DAMAGE,0,2,6,4,11,PIERCING,false,NULL,NULL,NULL
50e002b0-0acf-5101-8702-9dc824d679ad,2026-09-08T00:00:00,2026-09-08T00:00:00,0,97baf3a6-c776-5bdc-a7b4-1d576d132b87,HIT,DAMAGE,1,2,8,NULL,9,PIERCING,false,NULL,NULL,NULL
fc8ac36e-b192-5ada-9223-e10f5b20757a,2026-09-08T00:00:00,2026-09-08T00:00:00,0,97baf3a6-c776-5bdc-a7b4-1d576d132b87,HIT,APPLY_CONDITION,2,NULL,NULL,NULL,NULL,NULL,false,c04d0000-0000-4000-a000-00000000000c,NULL,NULL
d847aab7-be73-5bbf-9926-fb09e5156817,2026-09-08T00:00:00,2026-09-08T00:00:00,0,eb55d413-09d1-58db-9fdf-d2458792cd3a,HIT,DAMAGE,0,2,10,4,15,BLUDGEONING,false,NULL,NULL,NULL
93b11759-d42d-5def-a18e-b8135f13bce8,2026-09-08T00:00:00,2026-09-08T00:00:00,0,8cb519d7-2275-5b6a-8017-2ab5c800e892,HIT,DAMAGE,0,4,6,8,22,SLASHING,false,NULL,NULL,NULL
d3bde0df-4a57-52dc-8716-884015c52317,2026-09-08T00:00:00,2026-09-08T00:00:00,0,8cb519d7-2275-5b6a-8017-2ab5c800e892,HIT,DAMAGE,1,8,8,NULL,36,RADIANT,false,NULL,NULL,NULL
99b17364-2599-5d97-b645-35403cadc572,2026-09-08T00:00:00,2026-09-08T00:00:00,0,eb5f37a1-ce3a-5bdf-8c1c-e354f7d4ae19,SAVE_FAILURE,DAMAGE,0,4,8,6,24,PIERCING,false,NULL,NULL,NULL
c25e314d-ee06-5a3a-85d6-aa82c5648177,2026-09-08T00:00:00,2026-09-08T00:00:00,0,eb5f37a1-ce3a-5bdf-8c1c-e354f7d4ae19,SAVE_FAILURE,DAMAGE,1,8,8,NULL,36,RADIANT,false,NULL,NULL,NULL
d884a0ab-bf42-5b68-8188-5d19152e5392,2026-09-08T00:00:00,2026-09-08T00:00:00,0,332d161e-bcb9-5262-b9c7-64c932aaff32,SAVE_FAILURE,APPLY_CONDITION,0,NULL,NULL,NULL,NULL,NULL,false,c04d0000-0000-4000-a000-000000000001,NULL,NULL
e1ec75ec-c93b-5a7e-9355-63378478fa2f,2026-09-08T00:00:00,2026-09-08T00:00:00,0,bde2e075-d8b1-5c9c-b309-61097e6a3753,SAVE_FAILURE,DAMAGE,0,2,10,NULL,11,RADIANT,false,NULL,NULL,NULL
bb36d317-da6f-584d-ad58-ebf687f0d4b2,2026-09-08T00:00:00,2026-09-08T00:00:00,0,bde2e075-d8b1-5c9c-b309-61097e6a3753,SAVE_SUCCESS,DAMAGE,1,NULL,NULL,NULL,NULL,NULL,true,NULL,NULL,NULL
ccef75ac-8b01-569d-a723-b188b98dec10,2026-09-08T00:00:00,2026-09-08T00:00:00,0,41206a29-1c0c-54f5-bf25-26a2eaf88de8,ALWAYS,DAMAGE,0,1,10,NULL,5,FORCE,false,NULL,NULL,NULL
c17277df-27b0-53c1-a1ea-4c2d6d9b9859,2026-09-08T00:00:00,2026-09-08T00:00:00,0,b039c109-0acc-5441-a214-93a23d82c24c,HIT,DAMAGE,0,2,6,NULL,7,NECROTIC,false,NULL,NULL,NULL
48f7eaa4-5ee7-5a14-956d-99b9c8f0028e,2026-09-08T00:00:00,2026-09-08T00:00:00,0,24496cfe-bf6d-52af-8c36-26ae0815b52b,HIT,DAMAGE,0,1,4,3,5,SLASHING,false,NULL,NULL,NULL
313c5e78-c7d4-5e5e-b1fb-858216e3a6d0,2026-09-08T00:00:00,2026-09-08T00:00:00,0,24496cfe-bf6d-52af-8c36-26ae0815b52b,HIT,DAMAGE,1,2,6,NULL,7,RADIANT,false,NULL,NULL,NULL
43fb730d-e4da-58d1-ad09-bc31ee3bfa35,2026-09-08T00:00:00,2026-09-08T00:00:00,0,fd840a78-bc5b-5ed0-9984-b556ed876f1e,HIT,DAMAGE,0,3,6,4,14,SLASHING,false,NULL,NULL,NULL
84d81ba0-2768-5a94-8bab-f607005579eb,2026-09-08T00:00:00,2026-09-08T00:00:00,0,1ce3e943-7133-5f1d-8881-d498b7e50f21,SAVE_FAILURE,DAMAGE,0,10,6,NULL,35,PSYCHIC,false,NULL,NULL,NULL
f41bb44d-af5b-5c1d-aadd-f7d2a3f43b0b,2026-09-08T00:00:00,2026-09-08T00:00:00,0,1ce3e943-7133-5f1d-8881-d498b7e50f21,SAVE_FAILURE,APPLY_CONDITION,1,NULL,NULL,NULL,NULL,NULL,false,c04d0000-0000-4000-a000-000000000007,NULL,NULL
c4a84ede-139f-5ab8-b187-6ad7adb13ad5,2026-09-08T00:00:00,2026-09-08T00:00:00,0,e1eea52e-284c-5cdf-9f5c-59dc57721298,HIT,DAMAGE,0,4,6,6,20,SLASHING,false,NULL,NULL,NULL
2ddd28e4-d81c-5a37-9430-0f73e0062a09,2026-09-08T00:00:00,2026-09-08T00:00:00,0,11816e56-c94c-5aef-ab82-3bbd7f55b6d4,SAVE_FAILURE,APPLY_CONDITION,0,NULL,NULL,NULL,NULL,NULL,false,c04d0000-0000-4000-a000-000000000005,NULL,NULL
047f36f3-4682-59ef-9d9e-11858dcf551f,2026-09-08T00:00:00,2026-09-08T00:00:00,0,109f2acc-ca22-521c-806b-2938a1d27a15,SAVE_FAILURE,APPLY_CONDITION,0,NULL,NULL,NULL,NULL,NULL,false,c04d0000-0000-4000-a000-000000000009,NULL,NULL
f1f571ff-da97-5684-a28f-276c575e7784,2026-09-08T00:00:00,2026-09-08T00:00:00,0,e994ec4b-0513-5ff4-b29b-40f985846f11,SAVE_FAILURE,DAMAGE,0,8,10,NULL,44,THUNDER,false,NULL,NULL,NULL
13c9c920-d658-55ea-83e2-df17375fa2af,2026-09-08T00:00:00,2026-09-08T00:00:00,0,e994ec4b-0513-5ff4-b29b-40f985846f11,SAVE_FAILURE,APPLY_CONDITION,1,NULL,NULL,NULL,NULL,NULL,false,c04d0000-0000-4000-a000-00000000000c,NULL,NULL
a2eabc60-348e-5a18-897b-1ffc45146cc6,2026-09-08T00:00:00,2026-09-08T00:00:00,0,e994ec4b-0513-5ff4-b29b-40f985846f11,SAVE_SUCCESS,DAMAGE,2,NULL,NULL,NULL,NULL,NULL,true,NULL,NULL,NULL
24a78d14-5464-5cc8-a379-6ad91575ef79,2026-09-08T00:00:00,2026-09-08T00:00:00,0,f8b199d6-519c-550f-a960-3bc5b863671d,HIT,DAMAGE,0,1,6,4,7,PIERCING,false,NULL,NULL,NULL
7f49fdc8-f9c4-5d38-9cab-8aa5c4375361,2026-09-08T00:00:00,2026-09-08T00:00:00,0,f8b199d6-519c-550f-a960-3bc5b863671d,HIT,DAMAGE,1,4,6,NULL,14,POISON,false,NULL,NULL,NULL
c72fef08-0ff9-5abe-93d1-4d6cfd45969c,2026-09-08T00:00:00,2026-09-08T00:00:00,0,84ea9f07-8d9f-58f5-85b4-8e3ae3abb2e6,HIT,DAMAGE,0,6,6,NULL,21,NECROTIC,false,NULL,NULL,NULL
1f1073a4-857f-5c2f-86ac-78575e9528c6,2026-09-08T00:00:00,2026-09-08T00:00:00,0,228f2114-5890-5ade-b95b-14ca05b03a1a,HIT,DAMAGE,0,1,4,4,6,PIERCING,false,NULL,NULL,NULL
f00579f8-e301-5cf5-8034-c870e7420d9d,2026-09-08T00:00:00,2026-09-08T00:00:00,0,3db7c05a-009e-54f5-8ef5-2b7c0d2184ed,HIT,APPLY_CONDITION,0,NULL,NULL,NULL,NULL,NULL,false,c04d0000-0000-4000-a000-000000000002,NULL,NULL
1d84d52b-9ee0-527b-b16a-72bf69d223df,2026-09-08T00:00:00,2026-09-08T00:00:00,0,219d48b4-d6f7-5046-8081-bd259506ebe4,HIT,DAMAGE,0,1,6,2,5,PIERCING,false,NULL,NULL,NULL
ee316406-0ab5-5998-9899-5f82eabcc26b,2026-09-08T00:00:00,2026-09-08T00:00:00,0,219d48b4-d6f7-5046-8081-bd259506ebe4,HIT,DAMAGE,1,2,6,NULL,7,POISON,false,NULL,NULL,NULL
dd8c8205-ecc4-5e2e-b07c-7b0d881eb447,2026-09-08T00:00:00,2026-09-08T00:00:00,0,2b133d3b-7284-5291-bd37-365bd1029c77,HIT,DAMAGE,0,1,6,2,5,PIERCING,false,NULL,NULL,NULL
1a664b76-22eb-5f1f-a66a-35febf748b35,2026-09-08T00:00:00,2026-09-08T00:00:00,0,2b133d3b-7284-5291-bd37-365bd1029c77,HIT,DAMAGE,1,2,6,NULL,7,POISON,false,NULL,NULL,NULL
a2d386d9-d051-5da1-8e48-e5f345c5ddbf,2026-09-08T00:00:00,2026-09-08T00:00:00,0,1d83b42e-35d8-51af-a1d1-d28fdbff80ec,HIT,DAMAGE,0,1,6,3,6,PIERCING,false,NULL,NULL,NULL
105e4f11-f8e2-5a26-8c1f-7a91de0375b8,2026-09-08T00:00:00,2026-09-08T00:00:00,0,1d83b42e-35d8-51af-a1d1-d28fdbff80ec,HIT,DAMAGE,1,2,4,NULL,5,NECROTIC,false,NULL,NULL,NULL
aba01e4f-4e25-505b-97c9-15eee27c2f81,2026-09-08T00:00:00,2026-09-08T00:00:00,0,f85f4090-9059-56a2-aaa9-9746e057a2bc,HIT,DAMAGE,0,3,10,6,22,BLUDGEONING,false,NULL,NULL,NULL
92a52bb6-d79d-5af4-8f23-321b408a947e,2026-09-08T00:00:00,2026-09-08T00:00:00,0,724b8d19-ae05-5f2f-b10e-7ada31baac13,HIT,DAMAGE,0,2,8,6,15,BLUDGEONING,false,NULL,NULL,NULL
21dc30c3-a447-5aba-8da4-0c4e19cb68f1,2026-09-08T00:00:00,2026-09-08T00:00:00,0,724b8d19-ae05-5f2f-b10e-7ada31baac13,HIT,APPLY_CONDITION,1,NULL,NULL,NULL,NULL,NULL,false,c04d0000-0000-4000-a000-00000000000c,NULL,NULL
af5ed13b-acca-5791-af1d-58ddf2ee9396,2026-09-08T00:00:00,2026-09-08T00:00:00,0,eed9f2f1-704e-5567-86f2-3dcdf08bfe0d,SAVE_FAILURE,DAMAGE,0,1,10,6,11,FORCE,false,NULL,NULL,NULL
ea44efae-86ab-54b8-98ca-1748bd195882,2026-09-08T00:00:00,2026-09-08T00:00:00,0,c49d54f7-a1d7-55ef-8336-7e5daee697db,HIT,DAMAGE,0,2,8,6,15,BLUDGEONING,false,NULL,NULL,NULL
e139c383-ad12-5de6-a6f6-f2734aee87eb,2026-09-08T00:00:00,2026-09-08T00:00:00,0,c49d54f7-a1d7-55ef-8336-7e5daee697db,HIT,DAMAGE,1,2,8,NULL,9,FORCE,false,NULL,NULL,NULL
822585e3-6318-56b8-b288-8cc39a54ba74,2026-09-08T00:00:00,2026-09-08T00:00:00,0,45fa2d2e-290d-54af-ab0a-9a8884cb34f3,HIT,DAMAGE,0,4,10,NULL,22,FORCE,false,NULL,NULL,NULL
849defe1-293f-5959-8a0b-d63aa40a8c31,2026-09-08T00:00:00,2026-09-08T00:00:00,0,aeb9a78d-1cc4-5e96-9e6a-ab42d51c5cf9,HIT,DAMAGE,0,4,6,9,23,SLASHING,false,NULL,NULL,NULL
1ec81d8d-41f9-5818-80ec-3ee977a314bd,2026-09-08T00:00:00,2026-09-08T00:00:00,0,aeb9a78d-1cc4-5e96-9e6a-ab42d51c5cf9,HIT,DAMAGE,1,3,8,NULL,13,LIGHTNING,false,NULL,NULL,NULL
aa8c39d1-e8b6-51b7-bb91-6c9edc386c3a,2026-09-08T00:00:00,2026-09-08T00:00:00,0,76d7dd89-f11f-5e91-a393-cf2c1b880ad6,HIT,DAMAGE,0,2,12,9,22,LIGHTNING,false,NULL,NULL,NULL
ee4e9dc2-4c75-5fc5-bd08-5621123c7cf4,2026-09-08T00:00:00,2026-09-08T00:00:00,0,88fca534-049a-5b7c-a5bc-fab7e3f4ec62,SAVE_FAILURE,DAMAGE,0,10,10,NULL,55,LIGHTNING,false,NULL,NULL,NULL
fec3252d-be0b-55ef-9d0b-a185a422fe5a,2026-09-08T00:00:00,2026-09-08T00:00:00,0,88fca534-049a-5b7c-a5bc-fab7e3f4ec62,SAVE_SUCCESS,DAMAGE,1,NULL,NULL,NULL,NULL,NULL,true,NULL,NULL,NULL
7aa6a81b-a8d8-51cb-91dc-a8f2d8f7e8a8,2026-09-08T00:00:00,2026-09-08T00:00:00,0,16600b3d-b8c6-5883-973e-9f9dd2bb39e1,HIT,DAMAGE,0,2,10,5,16,PSYCHIC,false,NULL,NULL,NULL
5041534a-e384-5716-ab96-1d5429cda88a,2026-09-08T00:00:00,2026-09-08T00:00:00,0,1c2c8e54-26e5-5922-8f37-745c62028c7d,SAVE_FAILURE,DAMAGE,0,3,8,NULL,13,PSYCHIC,false,NULL,NULL,NULL
9eeb9936-7ec7-50d1-af27-1b14f13d7b49,2026-09-08T00:00:00,2026-09-08T00:00:00,0,1c2c8e54-26e5-5922-8f37-745c62028c7d,SAVE_SUCCESS,DAMAGE,1,NULL,NULL,NULL,NULL,NULL,true,NULL,NULL,NULL
1d2d8c16-9c56-5883-bfda-f71c09b369d8,2026-09-08T00:00:00,2026-09-08T00:00:00,0,6080e753-27d4-59da-af93-fd89f9a76cb8,HIT,DAMAGE,0,4,12,10,36,PIERCING,false,NULL,NULL,NULL
7440cd95-4ad3-599e-9945-887208f71203,2026-09-08T00:00:00,2026-09-08T00:00:00,0,6080e753-27d4-59da-af93-fd89f9a76cb8,HIT,APPLY_CONDITION,1,NULL,NULL,NULL,NULL,NULL,false,c04d0000-0000-4000-a000-000000000006,20,NULL
6149e3b4-6c6d-5d0c-8bea-eaf972329c89,2026-09-08T00:00:00,2026-09-08T00:00:00,0,6080e753-27d4-59da-af93-fd89f9a76cb8,HIT,APPLY_CONDITION,2,NULL,NULL,NULL,NULL,NULL,false,c04d0000-0000-4000-a000-00000000000d,20,NULL
071b9f0f-35c6-5871-a3ac-4aa4bab3d269,2026-09-08T00:00:00,2026-09-08T00:00:00,0,7d313a9d-60de-5414-a85c-8a2966323e5c,HIT,DAMAGE,0,4,8,10,28,SLASHING,false,NULL,NULL,NULL
e76829c8-e59b-519b-a4b2-7d911d52031e,2026-09-08T00:00:00,2026-09-08T00:00:00,0,76cd8057-48f2-5fef-a9fb-b562446e8637,HIT,DAMAGE,0,3,8,10,23,BLUDGEONING,false,NULL,NULL,NULL
bb15ec5c-a1e4-59e7-9cca-9836011faffe,2026-09-08T00:00:00,2026-09-08T00:00:00,0,76cd8057-48f2-5fef-a9fb-b562446e8637,HIT,APPLY_CONDITION,1,NULL,NULL,NULL,NULL,NULL,false,c04d0000-0000-4000-a000-00000000000c,NULL,NULL
87bda4f4-e13f-50d3-ae71-c205ba6f7fe2,2026-09-08T00:00:00,2026-09-08T00:00:00,0,296a90d2-0688-567c-8b36-a47ac36b32c2,SAVE_FAILURE,DAMAGE,0,12,12,NULL,78,THUNDER,false,NULL,NULL,NULL
f583b1ed-635e-5683-9c6c-5e8351e2bebe,2026-09-08T00:00:00,2026-09-08T00:00:00,0,296a90d2-0688-567c-8b36-a47ac36b32c2,SAVE_SUCCESS,DAMAGE,1,NULL,NULL,NULL,NULL,NULL,true,NULL,NULL,NULL
03e5eba3-ad3b-5ad3-90e4-ffcae34cf880,2026-09-08T00:00:00,2026-09-08T00:00:00,0,f903fcb3-6e13-5320-aadd-761803c04570,SAVE_FAILURE,DAMAGE,0,16,6,NULL,56,ACID,false,NULL,NULL,NULL
10731f2e-a339-59a7-b100-d2bec091971f,2026-09-08T00:00:00,2026-09-08T00:00:00,0,f903fcb3-6e13-5320-aadd-761803c04570,SAVE_FAILURE,APPLY_CONDITION,1,NULL,NULL,NULL,NULL,NULL,false,c04d0000-0000-4000-a000-00000000000c,NULL,NULL
955222b6-b2ae-5ac6-a643-a75b178164c9,2026-09-08T00:00:00,2026-09-08T00:00:00,0,f903fcb3-6e13-5320-aadd-761803c04570,SAVE_FAILURE,APPLY_CONDITION,2,NULL,NULL,NULL,NULL,NULL,false,c04d0000-0000-4000-a000-00000000000d,NULL,NULL
6e2e6548-8792-5ed6-ae94-e913151efe82,2026-09-08T00:00:00,2026-09-08T00:00:00,0,f623514d-43ae-54e6-bc57-9748536bfb7a,HIT,DAMAGE,0,1,6,2,5,BLUDGEONING,false,NULL,NULL,NULL
b9b5ed8c-6792-502d-a999-58dbd359d98e,2026-09-08T00:00:00,2026-09-08T00:00:00,0,d7742e2a-6947-504c-81b6-008356cc2589,HIT,DAMAGE,0,1,10,1,6,PIERCING,false,NULL,NULL,NULL
46f4b7d6-e00a-502e-b37d-2606b4880bd8,2026-09-08T00:00:00,2026-09-08T00:00:00,0,97abf014-7c19-54a9-a18f-b2df76757f8e,HIT,DAMAGE,0,2,8,3,12,BLUDGEONING,false,NULL,NULL,NULL
1d5cd7f8-650f-50cc-80c0-218d837d4333,2026-09-08T00:00:00,2026-09-08T00:00:00,0,939563f3-a93b-5af1-8f00-bfe39b0fc7c4,HIT,DAMAGE,0,2,10,2,13,PIERCING,false,NULL,NULL,NULL
d7b713f2-06b1-5f6d-bdeb-4a65ed029776,2026-09-08T00:00:00,2026-09-08T00:00:00,0,82f3034d-968d-5363-be6d-58966b5cacf5,HIT,DAMAGE,0,3,6,6,16,BLUDGEONING,false,NULL,NULL,NULL
66068162-c0f1-5ca8-9c12-070f5a3c2ec6,2026-09-08T00:00:00,2026-09-08T00:00:00,0,7390f894-13d5-527a-a213-20387109e37c,HIT,DAMAGE,0,4,10,6,28,PIERCING,false,NULL,NULL,NULL
e730b0de-b4e6-57ea-af29-800d057b6589,2026-09-08T00:00:00,2026-09-08T00:00:00,0,8ffbc928-fb27-5dd3-afa5-c7a18289460c,HIT,DAMAGE,0,2,6,4,11,SLASHING,false,NULL,NULL,NULL
dbded735-ed95-5043-af30-d1bba686d00a,2026-09-08T00:00:00,2026-09-08T00:00:00,0,eead6433-fe13-5d94-8b0b-3da0eaf26020,HIT,DAMAGE,0,2,4,4,9,SLASHING,false,NULL,NULL,NULL
7a2eb8f1-005a-59ac-b41b-ac2c7f56fe79,2026-09-08T00:00:00,2026-09-08T00:00:00,0,87787a66-0b47-57a7-8327-c84feb8f0ebe,HIT,DAMAGE,0,2,6,4,11,BLUDGEONING,false,NULL,NULL,NULL
7e6c059d-eb9c-59b7-9a2a-2591752a3d6d,2026-09-08T00:00:00,2026-09-08T00:00:00,0,2f41ccda-11d0-5be8-8bd9-4c88768c255b,HIT,DAMAGE,0,1,10,4,9,RADIANT,false,NULL,NULL,NULL
5d65e61c-807c-5c21-b233-b893abab6610,2026-09-08T00:00:00,2026-09-08T00:00:00,0,1d6ac993-7f50-5e24-a18c-44c80dd42ba3,HIT,DAMAGE,0,1,4,3,5,PIERCING,false,NULL,NULL,NULL
d4406b15-b61d-539f-986a-cf8a7bb1b2f8,2026-09-08T00:00:00,2026-09-08T00:00:00,0,1d6ac993-7f50-5e24-a18c-44c80dd42ba3,HIT,DAMAGE,1,3,4,NULL,7,NECROTIC,false,NULL,NULL,NULL
7210222b-75d8-597b-9a06-fc8c9b066c6c,2026-09-08T00:00:00,2026-09-08T00:00:00,0,1d6ac993-7f50-5e24-a18c-44c80dd42ba3,HIT,APPLY_CONDITION,2,NULL,NULL,NULL,NULL,NULL,false,c04d0000-0000-4000-a000-00000000000b,NULL,NULL
d829aab1-7af8-5dd8-81de-2732e77f9339,2026-09-08T00:00:00,2026-09-08T00:00:00,0,1d6ac993-7f50-5e24-a18c-44c80dd42ba3,HIT,APPLY_CONDITION,3,NULL,NULL,NULL,NULL,NULL,false,c04d0000-0000-4000-a000-00000000000b,NULL,NULL
f6426e33-c30c-5e52-9e93-6dfaea7e4315,2026-09-08T00:00:00,2026-09-08T00:00:00,0,1d6ac993-7f50-5e24-a18c-44c80dd42ba3,HIT,APPLY_CONDITION,4,NULL,NULL,NULL,NULL,NULL,false,c04d0000-0000-4000-a000-000000000009,NULL,NULL
aa71d890-8dc0-5b38-a717-35b813561c98,2026-09-08T00:00:00,2026-09-08T00:00:00,0,40f3ebc8-35aa-5c61-bf45-419387fcafe3,HIT,DAMAGE,0,2,4,3,8,SLASHING,false,NULL,NULL,NULL
31f95ee9-ef16-51d4-a5f4-0e10f1b83e9d,2026-09-08T00:00:00,2026-09-08T00:00:00,0,40f3ebc8-35aa-5c61-bf45-419387fcafe3,HIT,APPLY_CONDITION,1,NULL,NULL,NULL,NULL,NULL,false,c04d0000-0000-4000-a000-000000000006,13,NULL
54cbcead-3d27-524f-b1dc-69cbabbf84da,2026-09-08T00:00:00,2026-09-08T00:00:00,0,79ea5d46-038c-563c-8be2-8aece986d919,SAVE_FAILURE,DAMAGE,0,1,4,3,5,PIERCING,false,NULL,NULL,NULL
c3f76393-9067-53f8-a7ad-07a982296748,2026-09-08T00:00:00,2026-09-08T00:00:00,0,79ea5d46-038c-563c-8be2-8aece986d919,SAVE_FAILURE,DAMAGE,1,3,6,NULL,10,NECROTIC,false,NULL,NULL,NULL
ee1976b3-9bb1-513f-a67f-d942b3900941,2026-09-08T00:00:00,2026-09-08T00:00:00,0,3eeb2456-5f4d-525f-9a02-d3c8980c1eab,HIT,DAMAGE,0,1,8,4,8,BLUDGEONING,false,NULL,NULL,NULL
3542890f-8eb8-59e0-8dce-ac771d145f4e,2026-09-08T00:00:00,2026-09-08T00:00:00,0,3eeb2456-5f4d-525f-9a02-d3c8980c1eab,HIT,DAMAGE,1,2,6,NULL,7,NECROTIC,false,NULL,NULL,NULL
e0dda187-ad75-5000-871e-ceb7b03e9af3,2026-09-08T00:00:00,2026-09-08T00:00:00,0,3eeb2456-5f4d-525f-9a02-d3c8980c1eab,HIT,APPLY_CONDITION,2,NULL,NULL,NULL,NULL,NULL,false,c04d0000-0000-4000-a000-000000000006,14,NULL
b71803e7-7f58-560c-ae58-0fc2a13e6e5e,2026-09-08T00:00:00,2026-09-08T00:00:00,0,1b330efe-e044-57fe-943c-7c16613ebb50,SAVE_FAILURE,DAMAGE,0,1,4,4,6,PIERCING,false,NULL,NULL,NULL
809d91e2-6abb-59ab-a0f4-85de7c264b49,2026-09-08T00:00:00,2026-09-08T00:00:00,0,1b330efe-e044-57fe-943c-7c16613ebb50,SAVE_FAILURE,DAMAGE,1,3,8,NULL,13,NECROTIC,false,NULL,NULL,NULL
2111b661-d5e5-5017-9fb7-47dd0a862fa7,2026-09-08T00:00:00,2026-09-08T00:00:00,0,27b1a982-ff29-5863-8025-97eccad69c4d,HIT,DAMAGE,0,2,6,3,10,PIERCING,false,NULL,NULL,NULL
df3a70f3-d1eb-59f1-81ae-d73e4ae62b5d,2026-09-08T00:00:00,2026-09-08T00:00:00,0,27b1a982-ff29-5863-8025-97eccad69c4d,HIT,DAMAGE,1,3,6,NULL,10,POISON,false,NULL,NULL,NULL
6c83c345-6b22-5310-9537-4c32296bf74d,2026-09-08T00:00:00,2026-09-08T00:00:00,0,7438ed17-71e7-564f-adba-1e004ba53e8f,SAVE_FAILURE,DAMAGE,0,1,10,NULL,5,POISON,false,NULL,NULL,NULL
662a1914-fee7-57c0-8c28-4370d30c2e2a,2026-09-08T00:00:00,2026-09-08T00:00:00,0,7438ed17-71e7-564f-adba-1e004ba53e8f,SAVE_FAILURE,APPLY_CONDITION,1,NULL,NULL,NULL,NULL,NULL,false,c04d0000-0000-4000-a000-00000000000b,NULL,NULL
235748ed-4ef0-5eeb-893b-bf1e2a834adf,2026-09-08T00:00:00,2026-09-08T00:00:00,0,2e5d9a95-5906-5fd8-95ea-1af57969bb0f,SAVE_FAILURE,DAMAGE,0,3,6,NULL,10,THUNDER,false,NULL,NULL,NULL
cd6a4e5d-eaf9-5986-8f07-688bfe5c09cc,2026-09-08T00:00:00,2026-09-08T00:00:00,0,2e5d9a95-5906-5fd8-95ea-1af57969bb0f,SAVE_FAILURE,APPLY_CONDITION,1,NULL,NULL,NULL,NULL,NULL,false,c04d0000-0000-4000-a000-00000000000e,NULL,NULL
4637d56e-cb1d-55ce-9765-e2f4857c1018,2026-09-08T00:00:00,2026-09-08T00:00:00,0,e9d04e86-6715-527e-b568-76ddddb4558b,HIT,DAMAGE,0,1,6,1,4,PIERCING,false,NULL,NULL,NULL
535d7057-587e-586f-afa7-ab6c841f807c,2026-09-08T00:00:00,2026-09-08T00:00:00,0,a7d5c86d-dbfe-51ad-9224-c37c86fed9bf,HIT,DAMAGE,0,2,6,3,10,SLASHING,false,NULL,NULL,NULL
4b443b51-3bf9-5ab4-a1ed-a0f3c0728de8,2026-09-08T00:00:00,2026-09-08T00:00:00,0,3a160365-1e3a-5d5e-b2eb-c29e40335986,HIT,DAMAGE,0,2,10,1,12,PIERCING,false,NULL,NULL,NULL
2d78f21e-3929-5ffb-acb9-85a63d1a26df,2026-09-08T00:00:00,2026-09-08T00:00:00,0,b9fb9d67-3a7c-55fc-a5e7-011d1486572e,HIT,DAMAGE,0,2,8,4,13,BLUDGEONING,false,NULL,NULL,NULL
e71b2a77-5c03-5230-bd29-1c6983fad59c,2026-09-08T00:00:00,2026-09-08T00:00:00,0,b9fb9d67-3a7c-55fc-a5e7-011d1486572e,HIT,APPLY_CONDITION,1,NULL,NULL,NULL,NULL,NULL,false,c04d0000-0000-4000-a000-00000000000c,NULL,NULL
830b2de3-ec83-5899-967a-928f1096c027,2026-09-08T00:00:00,2026-09-08T00:00:00,0,f19a4692-c465-5875-8473-5ea3cb731384,SAVE_FAILURE,DAMAGE,0,4,8,4,22,BLUDGEONING,false,NULL,NULL,NULL
aa114e11-f426-5295-aa81-f779166a7b45,2026-09-08T00:00:00,2026-09-08T00:00:00,0,f19a4692-c465-5875-8473-5ea3cb731384,SAVE_FAILURE,DAMAGE,1,2,8,NULL,9,BLUDGEONING,false,NULL,NULL,NULL
5ab4c2c5-8bb5-566f-a537-d402701b292c,2026-09-08T00:00:00,2026-09-08T00:00:00,0,f19a4692-c465-5875-8473-5ea3cb731384,SAVE_FAILURE,APPLY_CONDITION,2,NULL,NULL,NULL,NULL,NULL,false,c04d0000-0000-4000-a000-000000000006,14,NULL
174856c0-76d9-59fb-8c43-8a193974af83,2026-09-08T00:00:00,2026-09-08T00:00:00,0,f19a4692-c465-5875-8473-5ea3cb731384,SAVE_FAILURE,APPLY_CONDITION,3,NULL,NULL,NULL,NULL,NULL,false,c04d0000-0000-4000-a000-00000000000d,14,NULL
6c07cb1a-c4e0-53df-bc6f-70782700108a,2026-09-08T00:00:00,2026-09-08T00:00:00,0,f19a4692-c465-5875-8473-5ea3cb731384,SAVE_SUCCESS,DAMAGE,4,NULL,NULL,NULL,NULL,NULL,true,NULL,NULL,NULL
f5446f0c-d47a-51fb-b0bc-c0a143d5100d,2026-09-08T00:00:00,2026-09-08T00:00:00,0,137315d2-809f-5b67-ad20-4dc17f033bb1,HIT,DAMAGE,0,2,12,4,17,PIERCING,false,NULL,NULL,NULL
b05e6293-f126-5240-a27f-da1cf6fd8fd0,2026-09-08T00:00:00,2026-09-08T00:00:00,0,eae767af-0388-5484-b166-ee9b821bee83,HIT,DAMAGE,0,3,6,4,14,SLASHING,false,NULL,NULL,NULL
3bd14818-7e53-5ec8-883b-1899f89aba8a,2026-09-08T00:00:00,2026-09-08T00:00:00,0,4d0e68c8-41c5-5782-a710-1c5c7c6c3258,HIT,DAMAGE,0,2,8,4,13,SLASHING,false,NULL,NULL,NULL
f1c080ec-5f5e-5c8b-be84-1af590504295,2026-09-08T00:00:00,2026-09-08T00:00:00,0,7096c762-896d-5412-954c-5ad3ef9076e9,HIT,DAMAGE,0,2,8,3,12,PIERCING,false,NULL,NULL,NULL
fc59ea42-8336-5c8f-bc1e-0de357738372,2026-09-08T00:00:00,2026-09-08T00:00:00,0,6ce2c907-280b-51a0-97c3-b4bbc89d176c,HIT,DAMAGE,0,3,6,3,13,PIERCING,false,NULL,NULL,NULL
5eab6c91-ce52-5e75-8d71-7600f03ee158,2026-09-08T00:00:00,2026-09-08T00:00:00,0,80f9a819-bbf9-5882-aa01-7aa9093cdbe6,HIT,DAMAGE,0,2,6,3,10,PIERCING,false,NULL,NULL,NULL
03ced8a5-de8d-5610-9a25-c3e616b6e268,2026-09-08T00:00:00,2026-09-08T00:00:00,0,80f9a819-bbf9-5882-aa01-7aa9093cdbe6,HIT,DAMAGE,1,2,6,NULL,7,PIERCING,false,NULL,NULL,NULL
e35ffa0a-8dde-54be-ad79-228c6225b953,2026-09-08T00:00:00,2026-09-08T00:00:00,0,80f9a819-bbf9-5882-aa01-7aa9093cdbe6,HIT,APPLY_CONDITION,2,NULL,NULL,NULL,NULL,NULL,false,c04d0000-0000-4000-a000-00000000000c,NULL,NULL
3f37ae28-a9d0-5067-b2a5-20ca412dd385,2026-09-08T00:00:00,2026-09-08T00:00:00,0,195c6323-4095-5797-b0be-b8aadda14204,HIT,DAMAGE,0,2,4,3,8,PIERCING,false,NULL,NULL,NULL
10d7bbc7-4d7a-596a-9e02-e5ce9921444e,2026-09-08T00:00:00,2026-09-08T00:00:00,0,0e0e365f-778a-5df9-95be-a70429854be9,HIT,DAMAGE,0,1,6,3,6,SLASHING,false,NULL,NULL,NULL
23b4365c-80e4-5110-a155-50b8bc47defc,2026-09-08T00:00:00,2026-09-08T00:00:00,0,0e0e365f-778a-5df9-95be-a70429854be9,HIT,DAMAGE,1,1,6,3,6,PIERCING,false,NULL,NULL,NULL
83b22ba5-0d2d-593f-9e16-85ce696023e2,2026-09-08T00:00:00,2026-09-08T00:00:00,0,154836c8-f669-587b-a9af-db13a53deb00,HIT,DAMAGE,0,2,8,3,12,PIERCING,false,NULL,NULL,NULL
fdcdb836-9b9b-5b8b-a075-f4c8bdfb5123,2026-09-08T00:00:00,2026-09-08T00:00:00,0,9a69e478-d623-5a5b-a425-5077ba959d75,HIT,DAMAGE,0,2,6,3,10,SLASHING,false,NULL,NULL,NULL
bd140072-7211-5aeb-9a3a-69013463b70c,2026-09-08T00:00:00,2026-09-08T00:00:00,0,a842cba4-b86e-55d7-b99b-6f13337201b7,HIT,DAMAGE,0,2,8,2,11,PIERCING,false,NULL,NULL,NULL
9556c3e5-2dda-5ff0-9c8e-8f16144127fe,2026-09-08T00:00:00,2026-09-08T00:00:00,0,dbd07785-4fc6-56b1-a13c-4febe5b0f2ff,HIT,DAMAGE,0,2,8,3,12,PIERCING,false,NULL,NULL,NULL
ef165d30-5a29-5305-8f6d-462efff766fe,2026-09-08T00:00:00,2026-09-08T00:00:00,0,f82fe2f8-2b97-5683-8159-3413a046ed6e,HIT,DAMAGE,0,2,6,3,10,SLASHING,false,NULL,NULL,NULL
b60afa20-2d50-5041-b43b-580e9d1dfb6f,2026-09-08T00:00:00,2026-09-08T00:00:00,0,2626c87f-0664-56d3-88d7-4e92f3acca17,HIT,DAMAGE,0,2,8,2,11,PIERCING,false,NULL,NULL,NULL
88703256-d551-50a6-82c6-65eeead26bb0,2026-09-08T00:00:00,2026-09-08T00:00:00,0,8d0692d9-2256-5e35-b105-170eecea9a8b,HIT,DAMAGE,0,1,8,2,6,SLASHING,false,NULL,NULL,NULL
d64373a6-e7db-57ca-afd5-e33137023a9c,2026-09-08T00:00:00,2026-09-08T00:00:00,0,8d0692d9-2256-5e35-b105-170eecea9a8b,HIT,DAMAGE,1,1,4,NULL,2,COLD,false,NULL,NULL,NULL
3a745287-e231-55b4-8587-f4f84ace749e,2026-09-08T00:00:00,2026-09-08T00:00:00,0,22b90619-05ad-5e2e-89b7-67d08eae52be,SAVE_FAILURE,DAMAGE,0,5,8,NULL,22,COLD,false,NULL,NULL,NULL
a5fdfc5e-7961-5ed9-a31b-9dba492d4101,2026-09-08T00:00:00,2026-09-08T00:00:00,0,22b90619-05ad-5e2e-89b7-67d08eae52be,SAVE_SUCCESS,DAMAGE,1,NULL,NULL,NULL,NULL,NULL,true,NULL,NULL,NULL
95027043-c005-5d06-97af-8c518aebbc31,2026-09-08T00:00:00,2026-09-08T00:00:00,0,26bcecb6-3273-5bf8-9ce3-c121db788f78,HIT,DAMAGE,0,2,4,4,9,SLASHING,false,NULL,NULL,NULL
05c39b6c-c612-5bf4-9b40-97888679bdf7,2026-09-08T00:00:00,2026-09-08T00:00:00,0,26bcecb6-3273-5bf8-9ce3-c121db788f78,HIT,DAMAGE,1,1,4,NULL,2,COLD,false,NULL,NULL,NULL
aa91b179-c2b1-5781-ba69-745ddd38a014,2026-09-08T00:00:00,2026-09-08T00:00:00,0,950fd2b1-8c97-5c1f-a655-fdc04950fe53,SAVE_FAILURE,DAMAGE,0,9,8,NULL,40,COLD,false,NULL,NULL,NULL
7c96011c-c055-5d7a-8504-a36b6e0f5aa9,2026-09-08T00:00:00,2026-09-08T00:00:00,0,950fd2b1-8c97-5c1f-a655-fdc04950fe53,SAVE_SUCCESS,DAMAGE,1,NULL,NULL,NULL,NULL,NULL,true,NULL,NULL,NULL
d515954d-2266-5df0-8f15-e51f1013ae3e,2026-09-08T00:00:00,2026-09-08T00:00:00,0,b7cf10fc-e842-5385-907c-a54bad6d14fb,HIT,DAMAGE,0,2,6,6,13,SLASHING,false,NULL,NULL,NULL
23ad6952-b24b-51ac-a9b5-e1e1b6d211e4,2026-09-08T00:00:00,2026-09-08T00:00:00,0,b7cf10fc-e842-5385-907c-a54bad6d14fb,HIT,DAMAGE,1,1,8,NULL,4,COLD,false,NULL,NULL,NULL
8914e874-cf87-55fa-a58e-32a524a08134,2026-09-08T00:00:00,2026-09-08T00:00:00,0,0ca4780f-e04f-545e-8a1d-2fdc3488faad,SAVE_FAILURE,DAMAGE,0,12,8,NULL,54,COLD,false,NULL,NULL,NULL
f151b898-83b8-5538-b5f6-e3ecb1a706cb,2026-09-08T00:00:00,2026-09-08T00:00:00,0,0ca4780f-e04f-545e-8a1d-2fdc3488faad,SAVE_SUCCESS,DAMAGE,1,NULL,NULL,NULL,NULL,NULL,true,NULL,NULL,NULL
bc456c47-fd61-5376-8410-c6bf996bd3b3,2026-09-08T00:00:00,2026-09-08T00:00:00,0,5c80ced1-81b3-5816-925a-1151604f5c13,SAVE_FAILURE,DAMAGE,0,2,6,NULL,7,COLD,false,NULL,NULL,NULL
d5250dd2-5105-5b4e-b5f8-010b11eedd18,2026-09-08T00:00:00,2026-09-08T00:00:00,0,8e7186f4-ee88-5f67-8711-6e3e2051a2d6,HIT,DAMAGE,0,2,8,8,17,SLASHING,false,NULL,NULL,NULL
56b45af1-a421-5062-a44b-20e1b5882d40,2026-09-08T00:00:00,2026-09-08T00:00:00,0,8e7186f4-ee88-5f67-8711-6e3e2051a2d6,HIT,DAMAGE,1,2,6,NULL,7,COLD,false,NULL,NULL,NULL
333e0dcb-ba6a-53d9-8eab-58441b398d71,2026-09-08T00:00:00,2026-09-08T00:00:00,0,49dbb278-d4dc-54e8-b379-99931b79af39,SAVE_FAILURE,DAMAGE,0,14,8,NULL,63,COLD,false,NULL,NULL,NULL
35d7ad6a-b3c1-5891-b609-4feb5451ef30,2026-09-08T00:00:00,2026-09-08T00:00:00,0,49dbb278-d4dc-54e8-b379-99931b79af39,SAVE_SUCCESS,DAMAGE,1,NULL,NULL,NULL,NULL,NULL,true,NULL,NULL,NULL
38f83e3d-a1d8-53c2-8e9e-2f93767788ac,2026-09-08T00:00:00,2026-09-08T00:00:00,0,86dfc739-e54c-5fe7-87e0-d8be4e150a31,SAVE_FAILURE,DAMAGE,0,4,6,NULL,14,COLD,false,NULL,NULL,NULL
16a257b3-4764-5b9f-8bae-5a9ff145b572,2026-09-08T00:00:00,2026-09-08T00:00:00,0,52fb668b-682e-5383-b304-acdb588db058,HIT,DAMAGE,0,1,8,2,6,SLASHING,false,NULL,NULL,NULL
06dffd8d-2497-5a09-b2d1-d2b89d4797bc,2026-09-08T00:00:00,2026-09-08T00:00:00,0,52fb668b-682e-5383-b304-acdb588db058,HIT,DAMAGE,1,1,8,NULL,4,NECROTIC,false,NULL,NULL,NULL
954ae4c8-e3a7-57b8-bd70-c12a43fdbe7f,2026-09-08T00:00:00,2026-09-08T00:00:00,0,58304bb8-4d84-5691-afad-3b8f85894c4a,HIT,DAMAGE,0,1,8,2,6,PIERCING,false,NULL,NULL,NULL
76a5b8fc-d911-5b5c-91a9-146472300c77,2026-09-08T00:00:00,2026-09-08T00:00:00,0,58304bb8-4d84-5691-afad-3b8f85894c4a,HIT,DAMAGE,1,1,8,NULL,4,NECROTIC,false,NULL,NULL,NULL
e257773c-7c8b-5ff1-bdab-de04d20ab452,2026-09-08T00:00:00,2026-09-08T00:00:00,0,3263cfd8-2edb-5ce6-a4a3-d27b14b9d9ea,SAVE_FAILURE,DAMAGE,0,1,8,2,6,NECROTIC,false,NULL,NULL,NULL
e5e4d714-64eb-53b3-aebb-f606e1a2afe2,2026-09-08T00:00:00,2026-09-08T00:00:00,0,d334daac-6f57-5ccf-a1bd-2d33c52f1955,ALWAYS,DAMAGE,0,1,10,NULL,5,FORCE,false,NULL,NULL,NULL
d44ba504-31ef-55ce-8642-e7db024b3ec0,2026-09-08T00:00:00,2026-09-08T00:00:00,0,fd8117bb-df31-5761-b3f9-bc3ef05ee814,HIT,DAMAGE,0,2,8,2,11,LIGHTNING,false,NULL,NULL,NULL
36bf31e5-12f3-5c1c-82e5-5c06a108da99,2026-09-08T00:00:00,2026-09-08T00:00:00,0,35851650-4d43-50e7-ada1-f991d9e728a7,HIT,DAMAGE,0,2,6,4,11,PIERCING,false,NULL,NULL,NULL
b80baadb-a2d9-5b2c-8e26-f0058f65b3a8,2026-09-08T00:00:00,2026-09-08T00:00:00,0,35851650-4d43-50e7-ada1-f991d9e728a7,HIT,APPLY_CONDITION,1,NULL,NULL,NULL,NULL,NULL,false,c04d0000-0000-4000-a000-00000000000c,NULL,NULL
d61612f7-fee4-501c-890a-3bf00663fce0,2026-09-08T00:00:00,2026-09-08T00:00:00,0,e04d4d4a-58cd-5d6a-9267-3afc560f2a9f,SAVE_FAILURE,DAMAGE,0,4,8,NULL,18,COLD,false,NULL,NULL,NULL
ad9beee3-62b2-57a4-af82-98c58880d6a0,2026-09-08T00:00:00,2026-09-08T00:00:00,0,e04d4d4a-58cd-5d6a-9267-3afc560f2a9f,SAVE_SUCCESS,DAMAGE,1,NULL,NULL,NULL,NULL,NULL,true,NULL,NULL,NULL
d7ef3e04-b313-5033-8189-beb5b2f2a1c9,2026-09-08T00:00:00,2026-09-08T00:00:00,0,7cc95d0a-8ff8-52b7-a3b7-69af65c101f8,HIT,DAMAGE,0,1,8,3,7,PIERCING,false,NULL,NULL,NULL
3e0528cd-1ee8-58fd-b80a-92d0f95aad18,2026-09-08T00:00:00,2026-09-08T00:00:00,0,dea624d3-b16b-5800-9097-76cf353ae521,ALWAYS,DAMAGE,0,1,10,NULL,5,FORCE,false,NULL,NULL,NULL
c6a3112f-ebed-5d5d-80cb-59433b5b9342,2026-09-08T00:00:00,2026-09-08T00:00:00,0,875e6f07-7212-5834-9ec8-897db2d19126,HIT,DAMAGE,0,4,8,3,21,NECROTIC,false,NULL,NULL,NULL
3e556c42-fccd-5ab5-9211-8693665be0bd,2026-09-08T00:00:00,2026-09-08T00:00:00,0,a6d57d75-8787-58b8-8fc7-62c66ef0a531,HIT,DAMAGE,0,2,8,4,13,PIERCING,false,NULL,NULL,NULL
ea15b0b8-c74c-5da6-9b20-873b9e4be90d,2026-09-08T00:00:00,2026-09-08T00:00:00,0,633fd8dd-bbc6-5f17-b6ba-bf6b16372ba3,HIT,DAMAGE,0,2,6,4,11,PIERCING,false,NULL,NULL,NULL
3e94b99d-c2f6-5311-91fe-66c0604a86a5,2026-09-08T00:00:00,2026-09-08T00:00:00,0,633fd8dd-bbc6-5f17-b6ba-bf6b16372ba3,HIT,DAMAGE,1,7,6,NULL,24,POISON,false,NULL,NULL,NULL
557e5bac-472c-54ca-9217-d87e8e4c8cb8,2026-09-08T00:00:00,2026-09-08T00:00:00,0,633fd8dd-bbc6-5f17-b6ba-bf6b16372ba3,HIT,APPLY_CONDITION,2,NULL,NULL,NULL,NULL,NULL,false,c04d0000-0000-4000-a000-00000000000b,NULL,NULL
7c01441a-c773-5eba-bcdf-3b4e4b9b495b,2026-09-08T00:00:00,2026-09-08T00:00:00,0,59d18599-0e76-5769-aaa6-b2e3ca0bc74d,HIT,DAMAGE,0,4,6,3,17,PIERCING,false,NULL,NULL,NULL
b15f628b-2f6e-538f-9c46-5b208c0ec55d,2026-09-08T00:00:00,2026-09-08T00:00:00,0,ea990faa-3d19-5fff-8f61-b5ab7562afc1,HIT,DAMAGE,0,1,10,3,8,SLASHING,false,NULL,NULL,NULL
967d293c-0b5d-5840-ba95-613c179935db,2026-09-08T00:00:00,2026-09-08T00:00:00,0,176956e1-fc1b-57aa-9fb9-3a34fbd5453f,HIT,DAMAGE,0,1,8,1,5,BLUDGEONING,false,NULL,NULL,NULL
4b7aea96-b2ca-56ab-ba69-4e4e5bf5bf5f,2026-09-08T00:00:00,2026-09-08T00:00:00,0,e4b0a948-742b-5b84-9f1c-a306ddffc301,HIT,DAMAGE,0,2,8,4,13,BLUDGEONING,false,NULL,NULL,NULL
0f579659-5baa-5902-8d35-7f3588e18c0b,2026-09-08T00:00:00,2026-09-08T00:00:00,0,6c01554c-339a-5886-bd1e-91d5b797e5ec,HIT,DAMAGE,0,2,10,4,15,PIERCING,false,NULL,NULL,NULL
0e08c611-1494-5e6e-b68b-9168192135fd,2026-09-08T00:00:00,2026-09-08T00:00:00,0,c3ce15a0-d09f-5a11-b104-54dc1f5d598a,HIT,DAMAGE,0,1,8,4,8,SLASHING,false,NULL,NULL,NULL
665c61cf-8b67-5b3e-9f88-0cfa8958f3b0,2026-09-08T00:00:00,2026-09-08T00:00:00,0,c3ce15a0-d09f-5a11-b104-54dc1f5d598a,HIT,APPLY_CONDITION,1,NULL,NULL,NULL,NULL,NULL,false,c04d0000-0000-4000-a000-00000000000c,NULL,NULL
8f342783-3508-522e-b1f1-65e264a28f1f,2026-09-08T00:00:00,2026-09-08T00:00:00,0,e31349a4-63d3-5079-aaa8-1247e2c0a7ae,HIT,DAMAGE,0,1,10,4,9,BLUDGEONING,false,NULL,NULL,NULL
ae52e960-9cb5-5d0f-bc74-5956c36482ea,2026-09-08T00:00:00,2026-09-08T00:00:00,0,e31349a4-63d3-5079-aaa8-1247e2c0a7ae,HIT,APPLY_CONDITION,1,NULL,NULL,NULL,NULL,NULL,false,c04d0000-0000-4000-a000-00000000000c,NULL,NULL
cb0fa46a-7d22-5e3a-b645-89feee13a5f4,2026-09-08T00:00:00,2026-09-08T00:00:00,0,c33f3696-0be4-5955-b728-b3697ff9b45f,HIT,DAMAGE,0,1,4,3,5,BLUDGEONING,false,NULL,NULL,NULL
2ccc4180-6f83-58fe-89ec-cbe3a692e4c4,2026-09-08T00:00:00,2026-09-08T00:00:00,0,d2881cba-0fe8-5ab2-8b8d-74dec8789ce9,HIT,DAMAGE,0,2,6,3,10,BLUDGEONING,false,NULL,NULL,NULL
9b7d550a-1381-5ba1-a407-ec96f343dccf,2026-09-08T00:00:00,2026-09-08T00:00:00,0,cd0315c1-cb5a-582e-8747-c599c302eb61,HIT,DAMAGE,0,3,6,4,14,PIERCING,false,NULL,NULL,NULL
d8401d77-5937-50dd-bd9c-550d0f5b8a06,2026-09-08T00:00:00,2026-09-08T00:00:00,0,6044a31b-896b-5323-828c-5b74a562008f,HIT,DAMAGE,0,1,4,-1,1,PIERCING,false,NULL,NULL,NULL
828f49b1-1d86-5774-829c-e92070a0c95e,2026-09-08T00:00:00,2026-09-08T00:00:00,0,82ff6833-8b24-59dc-9215-c29135c943ca,HIT,DAMAGE,0,1,6,2,5,SLASHING,false,NULL,NULL,NULL
99774a27-a733-51be-9d16-9d2ea4b983d8,2026-09-08T00:00:00,2026-09-08T00:00:00,0,b6f925f3-aa30-5d6e-81fb-1acb7a93ac70,HIT,DAMAGE,0,1,4,2,4,PIERCING,false,NULL,NULL,NULL
6b05a8d5-acf9-5225-b464-bfa21a4b4f1b,2026-09-08T00:00:00,2026-09-08T00:00:00,0,b6f925f3-aa30-5d6e-81fb-1acb7a93ac70,HIT,DAMAGE,1,1,8,2,6,PIERCING,false,NULL,NULL,NULL
a3fe0172-0fea-5fdb-a755-5970b238fb2c,2026-09-08T00:00:00,2026-09-08T00:00:00,0,a28c804d-3ca0-57f1-b377-30150784960f,HIT,DAMAGE,0,1,6,1,4,PIERCING,false,NULL,NULL,NULL
918d0550-b743-56b7-96f8-09982d70ff78,2026-09-08T00:00:00,2026-09-08T00:00:00,0,a28c804d-3ca0-57f1-b377-30150784960f,HIT,DAMAGE,1,1,6,NULL,3,PIERCING,false,NULL,NULL,NULL
cbbbaddf-595b-572e-b994-7eb1e8d5cd98,2026-09-08T00:00:00,2026-09-08T00:00:00,0,a28c804d-3ca0-57f1-b377-30150784960f,HIT,APPLY_CONDITION,2,NULL,NULL,NULL,NULL,NULL,false,c04d0000-0000-4000-a000-00000000000c,NULL,NULL
37899ac2-b517-5811-b7bf-ad2168921524,2026-09-08T00:00:00,2026-09-08T00:00:00,0,025ff93d-7da0-5490-916c-c541f1138e4e,HIT,DAMAGE,0,1,8,3,7,PIERCING,false,NULL,NULL,NULL
9305e78f-9b6b-5262-9047-0e2b1fbaed12,2026-09-08T00:00:00,2026-09-08T00:00:00,0,901bdcc7-a261-5372-a1cd-a42040e311aa,HIT,DAMAGE,0,1,4,3,5,SLASHING,false,NULL,NULL,NULL
8ba0b7f0-6696-51c3-a2fe-754542ccf073,2026-09-08T00:00:00,2026-09-08T00:00:00,0,901bdcc7-a261-5372-a1cd-a42040e311aa,HIT,APPLY_CONDITION,1,NULL,NULL,NULL,NULL,NULL,false,c04d0000-0000-4000-a000-00000000000c,NULL,NULL
2e1490a1-2a30-5b64-b46b-1eab1f34d8a1,2026-09-08T00:00:00,2026-09-08T00:00:00,0,725e5977-c1e6-5778-9c31-f427d233dbe3,HIT,DAMAGE,0,1,4,2,4,BLUDGEONING,false,NULL,NULL,NULL
8a1d63ff-321a-5163-8562-3f2649d78bbd,2026-09-08T00:00:00,2026-09-08T00:00:00,0,0cae2dfb-d310-5f16-ad98-b43fff4cc166,HIT,DAMAGE,0,1,8,2,6,PIERCING,false,NULL,NULL,NULL
b3d51e82-0ffd-5af8-9383-217097f30b47,2026-09-08T00:00:00,2026-09-08T00:00:00,0,5fa9f5b6-f533-50e9-859b-4d6cfe943ce3,SAVE_FAILURE,DAMAGE,0,3,4,NULL,7,BLUDGEONING,false,NULL,NULL,NULL
56104ba1-4ec3-53db-8f9e-97e8627ae788,2026-09-08T00:00:00,2026-09-08T00:00:00,0,5fa9f5b6-f533-50e9-859b-4d6cfe943ce3,SAVE_FAILURE,APPLY_CONDITION,1,NULL,NULL,NULL,NULL,NULL,false,c04d0000-0000-4000-a000-000000000006,12,NULL
d2a2aded-50df-50c0-9412-172c44c7bca6,2026-09-08T00:00:00,2026-09-08T00:00:00,0,2842ff3b-0421-5f80-94b2-f2f10c9bc930,HIT,DAMAGE,0,1,8,2,6,PIERCING,false,NULL,NULL,NULL
76737f99-985d-53f8-9350-f4efdb2cf0e0,2026-09-08T00:00:00,2026-09-08T00:00:00,0,2842ff3b-0421-5f80-94b2-f2f10c9bc930,HIT,APPLY_CONDITION,1,NULL,NULL,NULL,NULL,NULL,false,c04d0000-0000-4000-a000-000000000006,12,NULL
0e65ab93-6390-5fdb-8de2-8e0e807e289c,2026-09-08T00:00:00,2026-09-08T00:00:00,0,2842ff3b-0421-5f80-94b2-f2f10c9bc930,HIT,APPLY_CONDITION,2,NULL,NULL,NULL,NULL,NULL,false,c04d0000-0000-4000-a000-00000000000d,12,NULL
7ad501b5-ad96-5087-807b-de54d1f4fa56,2026-09-08T00:00:00,2026-09-08T00:00:00,0,f69b90fd-c5d1-5744-b1b4-4cf3a29113f3,HIT,DAMAGE,0,1,4,NULL,2,BLUDGEONING,false,NULL,NULL,NULL
7bc2bea9-b86b-513b-b097-8a5f999dbf43,2026-09-08T00:00:00,2026-09-08T00:00:00,0,c2c400ed-a8d1-5770-ac1c-45c7a949246e,HIT,DAMAGE,0,1,10,3,8,PIERCING,false,NULL,NULL,NULL
eef8f8a2-2723-5595-a4b3-e3e2544ba78f,2026-09-08T00:00:00,2026-09-08T00:00:00,0,c2c400ed-a8d1-5770-ac1c-45c7a949246e,HIT,APPLY_CONDITION,1,NULL,NULL,NULL,NULL,NULL,false,c04d0000-0000-4000-a000-00000000000c,NULL,NULL
f7301be9-7c65-5bbd-a2ce-27b852e8773a,2026-09-08T00:00:00,2026-09-08T00:00:00,0,cc638593-7523-5aac-babb-ad7b0ac8d654,HIT,DAMAGE,0,1,4,4,6,BLUDGEONING,false,NULL,NULL,NULL
9f355279-4d1e-5185-81be-11dce939cb77,2026-09-08T00:00:00,2026-09-08T00:00:00,0,882cb0ba-a65c-57bb-a406-a1da47d108c0,HIT,DAMAGE,0,1,4,2,4,SLASHING,false,NULL,NULL,NULL
efd9670f-85d5-5c39-8207-2b988307e2ed,2026-09-08T00:00:00,2026-09-08T00:00:00,0,5d414347-d668-5393-aff2-b39fa9c992a2,HIT,DAMAGE,0,2,8,6,15,PIERCING,false,NULL,NULL,NULL
dc436cef-4e08-50d4-b68c-4f9240117632,2026-09-08T00:00:00,2026-09-08T00:00:00,0,5d414347-d668-5393-aff2-b39fa9c992a2,HIT,APPLY_CONDITION,1,NULL,NULL,NULL,NULL,NULL,false,c04d0000-0000-4000-a000-00000000000c,NULL,NULL
97dbe3d5-c6eb-5f0e-9767-af80aabd9f95,2026-09-08T00:00:00,2026-09-08T00:00:00,0,1f4b4eb2-70ce-5d50-bddf-6dd176bdbc1a,SAVE_FAILURE,DAMAGE,0,2,10,6,17,BLUDGEONING,false,NULL,NULL,NULL
519e7372-6f0e-582a-93b2-c1fd46cf40b3,2026-09-08T00:00:00,2026-09-08T00:00:00,0,1f4b4eb2-70ce-5d50-bddf-6dd176bdbc1a,SAVE_SUCCESS,DAMAGE,1,NULL,NULL,NULL,NULL,NULL,true,NULL,NULL,NULL
4b52755e-8e90-55d2-93ee-41f47842a679,2026-09-08T00:00:00,2026-09-08T00:00:00,0,1b546907-d165-51b6-a6f7-6318225db58c,HIT,DAMAGE,0,1,6,3,6,BLUDGEONING,false,NULL,NULL,NULL
de1ff93b-d34e-5803-9809-b208c2aad644,2026-09-08T00:00:00,2026-09-08T00:00:00,0,1b546907-d165-51b6-a6f7-6318225db58c,HIT,DAMAGE,1,1,6,NULL,3,BLUDGEONING,false,NULL,NULL,NULL
a9f1eeee-0e44-5fb3-8f0f-14e629abcec6,2026-09-08T00:00:00,2026-09-08T00:00:00,0,1b546907-d165-51b6-a6f7-6318225db58c,HIT,APPLY_CONDITION,2,NULL,NULL,NULL,NULL,NULL,false,c04d0000-0000-4000-a000-00000000000c,NULL,NULL
1a7925c4-4212-5c5e-b7e7-b15599718278,2026-09-08T00:00:00,2026-09-08T00:00:00,0,7e7e9dc8-3a72-57f1-b1aa-c06c06867561,HIT,DAMAGE,0,2,4,NULL,5,POISON,false,NULL,NULL,NULL
9e9c12b6-24f3-5109-82d0-447b404b7695,2026-09-08T00:00:00,2026-09-08T00:00:00,0,e72bd41e-2d9f-51b6-aef3-453006faa29c,HIT,DAMAGE,0,3,10,6,22,BLUDGEONING,false,NULL,NULL,NULL
45bf0c26-f82f-5db6-b433-5917400d37c1,2026-09-08T00:00:00,2026-09-08T00:00:00,0,acf92c6c-3019-508c-8e1a-8ca3deefc534,SAVE_FAILURE,DAMAGE,0,7,6,NULL,24,BLUDGEONING,false,NULL,NULL,NULL
9764a9c8-331d-51ab-96da-5079d75be8b0,2026-09-08T00:00:00,2026-09-08T00:00:00,0,acf92c6c-3019-508c-8e1a-8ca3deefc534,SAVE_FAILURE,APPLY_CONDITION,1,NULL,NULL,NULL,NULL,NULL,false,c04d0000-0000-4000-a000-00000000000c,NULL,NULL
6d963404-a102-5dfa-b0c9-f5b0006405a9,2026-09-08T00:00:00,2026-09-08T00:00:00,0,acf92c6c-3019-508c-8e1a-8ca3deefc534,SAVE_SUCCESS,DAMAGE,2,NULL,NULL,NULL,NULL,NULL,true,NULL,NULL,NULL
21878cdc-2f18-5cd7-b17e-d8c6bc61bcac,2026-09-08T00:00:00,2026-09-08T00:00:00,0,5f758ef0-4f35-5cf5-8aea-3ffe0d001fb8,HIT,DAMAGE,0,2,4,1,6,PIERCING,false,NULL,NULL,NULL
a392c688-3413-5229-9180-c1ee3b9dde63,2026-09-08T00:00:00,2026-09-08T00:00:00,0,b46720cc-d1aa-5262-ab3e-be27c390409b,HIT,DAMAGE,0,1,6,3,6,PIERCING,false,NULL,NULL,NULL
0357e89f-52e3-5cce-b69d-5dc0d18e6d56,2026-09-08T00:00:00,2026-09-08T00:00:00,0,2529fe63-d6ca-53bd-9dac-ea049f8a5d2b,HIT,DAMAGE,0,2,6,3,10,PIERCING,false,NULL,NULL,NULL
07405d7c-e1d0-557d-8e2f-57b74785d0c1,2026-09-08T00:00:00,2026-09-08T00:00:00,0,2529fe63-d6ca-53bd-9dac-ea049f8a5d2b,HIT,DAMAGE,1,2,6,NULL,7,PIERCING,false,NULL,NULL,NULL
36fb816d-9a7e-5c3e-9904-e2c79b614a95,2026-09-08T00:00:00,2026-09-08T00:00:00,0,2529fe63-d6ca-53bd-9dac-ea049f8a5d2b,HIT,APPLY_CONDITION,2,NULL,NULL,NULL,NULL,NULL,false,c04d0000-0000-4000-a000-00000000000c,NULL,NULL
e9a88cfd-3577-59f4-9b13-cb340a1f3ced,2026-09-08T00:00:00,2026-09-08T00:00:00,0,57081f19-42d1-51b1-82c9-2274a8e08ede,HIT,DAMAGE,0,1,4,2,4,PIERCING,false,NULL,NULL,NULL
77a93566-4aee-5756-b834-e07de686fdac,2026-09-08T00:00:00,2026-09-08T00:00:00,0,57081f19-42d1-51b1-82c9-2274a8e08ede,HIT,APPLY_CONDITION,1,NULL,NULL,NULL,NULL,NULL,false,c04d0000-0000-4000-a000-00000000000b,NULL,NULL
5426f908-d68f-51b1-b1da-e9c910ac99eb,2026-09-08T00:00:00,2026-09-08T00:00:00,0,bf2bbef8-598a-5eef-a7d2-13866cb3bd75,HIT,DAMAGE,0,2,6,4,11,PIERCING,false,NULL,NULL,NULL
dfb75ed4-0d06-52ea-a1dc-459bc9376ec8,2026-09-08T00:00:00,2026-09-08T00:00:00,0,c8dccfe5-4326-5b28-99bd-63825e9d6f72,SAVE_FAILURE,DAMAGE,0,2,8,4,13,BLUDGEONING,false,NULL,NULL,NULL
138a3808-adc2-52aa-b1bd-f7a704cbd5bf,2026-09-08T00:00:00,2026-09-08T00:00:00,0,c8dccfe5-4326-5b28-99bd-63825e9d6f72,SAVE_FAILURE,APPLY_CONDITION,1,NULL,NULL,NULL,NULL,NULL,false,c04d0000-0000-4000-a000-000000000006,14,NULL
e5110f59-aeee-532c-8385-ebcf7a8481c5,2026-09-08T00:00:00,2026-09-08T00:00:00,0,588357a0-40ba-52de-86b9-fb26588a8ae1,HIT,DAMAGE,0,1,6,1,4,BLUDGEONING,false,NULL,NULL,NULL
918861b5-fc4a-5c5d-a39a-9648f8d12a42,2026-09-08T00:00:00,2026-09-08T00:00:00,0,588357a0-40ba-52de-86b9-fb26588a8ae1,HIT,APPLY_CONDITION,1,NULL,NULL,NULL,NULL,NULL,false,c04d0000-0000-4000-a000-000000000006,11,NULL
6bd8a564-4cf7-5726-acbd-57cdc43fba4e,2026-09-08T00:00:00,2026-09-08T00:00:00,0,a6a5c8a4-f943-58e8-8e7c-7b88a5899167,HIT,DAMAGE,0,3,10,5,21,PIERCING,false,NULL,NULL,NULL
72a74d81-7541-5623-a8d9-6d1a0551acbf,2026-09-08T00:00:00,2026-09-08T00:00:00,0,a6a5c8a4-f943-58e8-8e7c-7b88a5899167,HIT,APPLY_CONDITION,1,NULL,NULL,NULL,NULL,NULL,false,c04d0000-0000-4000-a000-000000000006,15,NULL
b81f32f4-2872-526b-b0e6-85ad6d1aa677,2026-09-08T00:00:00,2026-09-08T00:00:00,0,a6a5c8a4-f943-58e8-8e7c-7b88a5899167,HIT,APPLY_CONDITION,2,NULL,NULL,NULL,NULL,NULL,false,c04d0000-0000-4000-a000-00000000000d,15,NULL
4a0280ec-5ec4-5162-bb6f-763490fd0950,2026-09-08T00:00:00,2026-09-08T00:00:00,0,a04dfc44-2a3e-57b5-8983-aead875de53b,HIT,DAMAGE,0,3,8,5,18,BLUDGEONING,false,NULL,NULL,NULL
9d0c6242-708e-5375-8aec-a36e10955e22,2026-09-08T00:00:00,2026-09-08T00:00:00,0,a04dfc44-2a3e-57b5-8983-aead875de53b,HIT,APPLY_CONDITION,1,NULL,NULL,NULL,NULL,NULL,false,c04d0000-0000-4000-a000-00000000000c,NULL,NULL
99c1c951-fc83-590e-b808-4e732e96ebe6,2026-09-08T00:00:00,2026-09-08T00:00:00,0,f61bcef1-c0b9-5873-9a23-3a5830ee6ec8,HIT,DAMAGE,0,1,4,3,5,SLASHING,false,NULL,NULL,NULL
8e4330ba-cc06-5a6a-a542-bfc58352957c,2026-09-08T00:00:00,2026-09-08T00:00:00,0,f61bcef1-c0b9-5873-9a23-3a5830ee6ec8,HIT,DAMAGE,1,1,6,NULL,3,RADIANT,false,NULL,NULL,NULL
91f13217-beab-5cc4-a75c-22a1ce0f6918,2026-09-08T00:00:00,2026-09-08T00:00:00,0,6a2bccd3-8fb4-5707-8609-f5f7eebe71dc,HIT,DAMAGE,0,2,6,4,11,BLUDGEONING,false,NULL,NULL,NULL
1c1bc7de-2545-511f-add3-1d0b681bfa48,2026-09-08T00:00:00,2026-09-08T00:00:00,0,6a2bccd3-8fb4-5707-8609-f5f7eebe71dc,HIT,DAMAGE,1,2,4,NULL,5,RADIANT,false,NULL,NULL,NULL
e6a040e4-b614-5075-9277-b4f3ff47e9e5,2026-09-08T00:00:00,2026-09-08T00:00:00,0,6a2bccd3-8fb4-5707-8609-f5f7eebe71dc,HIT,DAMAGE,2,2,4,NULL,5,BLUDGEONING,false,NULL,NULL,NULL
8e3d4cfa-12ad-54e6-b373-022d5808b23f,2026-09-08T00:00:00,2026-09-08T00:00:00,0,6a2bccd3-8fb4-5707-8609-f5f7eebe71dc,HIT,APPLY_CONDITION,3,NULL,NULL,NULL,NULL,NULL,false,c04d0000-0000-4000-a000-00000000000c,NULL,NULL
8c81be4d-e8aa-5443-9d58-f53c4f5c8863,2026-09-08T00:00:00,2026-09-08T00:00:00,0,d1b2a15c-47d7-5d7a-8ff3-064c9b556b9c,HIT,DAMAGE,0,1,6,2,5,PIERCING,false,NULL,NULL,NULL
39a8a37b-ac82-53e6-836d-d4f9bafdcc72,2026-09-08T00:00:00,2026-09-08T00:00:00,0,d1b2a15c-47d7-5d7a-8ff3-064c9b556b9c,HIT,APPLY_CONDITION,1,NULL,NULL,NULL,NULL,NULL,false,c04d0000-0000-4000-a000-000000000006,11,NULL
ba11b526-c7f4-5203-bcb5-cbce86f5f002,2026-09-08T00:00:00,2026-09-08T00:00:00,0,c1021ce0-e291-5463-be34-aeaad3132947,ALWAYS,DAMAGE,0,2,4,NULL,5,ACID,false,NULL,NULL,NULL
52d2ef84-026b-5ac4-9cb2-95c85eb260cb,2026-09-08T00:00:00,2026-09-08T00:00:00,0,20bb0a15-e8d6-5000-a15f-49ef8ac8db4c,HIT,DAMAGE,0,1,6,3,6,BLUDGEONING,false,NULL,NULL,NULL
f9e1b364-dd2a-5f54-ac32-b8de1b66e1e0,2026-09-08T00:00:00,2026-09-08T00:00:00,0,20bb0a15-e8d6-5000-a15f-49ef8ac8db4c,HIT,DAMAGE,1,2,4,NULL,5,BLUDGEONING,false,NULL,NULL,NULL
48d25f9f-db45-5944-9c07-0e5bb179cf5b,2026-09-08T00:00:00,2026-09-08T00:00:00,0,20bb0a15-e8d6-5000-a15f-49ef8ac8db4c,HIT,APPLY_CONDITION,2,NULL,NULL,NULL,NULL,NULL,false,c04d0000-0000-4000-a000-00000000000c,NULL,NULL
64769642-17d8-58ec-aa8d-14e1632ccf5e,2026-09-08T00:00:00,2026-09-08T00:00:00,0,2e016456-91c0-50f4-9f42-7dde4d39418a,HIT,DAMAGE,0,2,6,3,10,PIERCING,false,NULL,NULL,NULL
1ead769e-a5fd-5fdb-8f93-28b743ce201d,2026-09-08T00:00:00,2026-09-08T00:00:00,0,77d8f6a1-fcaa-505a-b655-55dff0123cc0,HIT,DAMAGE,0,1,8,2,6,PIERCING,false,NULL,NULL,NULL
a81bb944-6792-57fc-bf58-209879168d61,2026-09-08T00:00:00,2026-09-08T00:00:00,0,514de89a-d41d-5116-ae85-38d6b30bafd5,HIT,DAMAGE,0,2,6,3,10,BLUDGEONING,false,NULL,NULL,NULL
8b378d62-6da4-5b5d-823a-84ad68156a95,2026-09-08T00:00:00,2026-09-08T00:00:00,0,514de89a-d41d-5116-ae85-38d6b30bafd5,HIT,APPLY_CONDITION,1,NULL,NULL,NULL,NULL,NULL,false,c04d0000-0000-4000-a000-000000000006,13,NULL
02767ba9-62ab-53cc-97ef-024e0a817136,2026-09-08T00:00:00,2026-09-08T00:00:00,0,514de89a-d41d-5116-ae85-38d6b30bafd5,HIT,APPLY_CONDITION,2,NULL,NULL,NULL,NULL,NULL,false,c04d0000-0000-4000-a000-00000000000d,13,NULL
eaebae06-c621-5c66-a5ce-397970270a85,2026-09-08T00:00:00,2026-09-08T00:00:00,0,f31bbcf7-e3c0-567e-addd-42193f7c592d,HIT,DAMAGE,0,1,10,2,7,SLASHING,false,NULL,NULL,NULL
cb4dc3f1-3db5-5ccc-937d-634d53661f8f,2026-09-08T00:00:00,2026-09-08T00:00:00,0,b26afb36-7a0e-5785-bc20-12c8c61d969c,HIT,DAMAGE,0,1,4,3,5,PIERCING,false,NULL,NULL,NULL
65d8e893-1f64-522e-bc8b-58c8b61627f6,2026-09-08T00:00:00,2026-09-08T00:00:00,0,300d74b9-f80b-5da2-9023-f0e56dc40901,HIT,DAMAGE,0,1,6,3,6,BLUDGEONING,false,NULL,NULL,NULL
b11e678a-2440-58af-96dc-9dd61b45581c,2026-09-08T00:00:00,2026-09-08T00:00:00,0,300d74b9-f80b-5da2-9023-f0e56dc40901,HIT,APPLY_CONDITION,1,NULL,NULL,NULL,NULL,NULL,false,c04d0000-0000-4000-a000-000000000006,13,NULL
a6cb4a12-d0f2-5a14-a7e4-4f4be049fe49,2026-09-08T00:00:00,2026-09-08T00:00:00,0,8cebc7fc-c565-52ce-8340-58ebcc6b32d3,HIT,DAMAGE,0,1,8,3,7,PIERCING,false,NULL,NULL,NULL
bd4e4517-302a-52ac-8cd0-7804d25599ee,2026-09-08T00:00:00,2026-09-08T00:00:00,0,8cebc7fc-c565-52ce-8340-58ebcc6b32d3,HIT,DAMAGE,1,2,10,NULL,11,POISON,false,NULL,NULL,NULL
f6881be2-818a-561c-90e2-3b15f7934ff3,2026-09-08T00:00:00,2026-09-08T00:00:00,0,077202d4-ab3d-5152-abd8-0e9373fb2bfb,HIT,DAMAGE,0,2,6,2,9,BLUDGEONING,false,NULL,NULL,NULL
13fe64de-d4a6-5c3d-880e-f1dbd16515e1,2026-09-08T00:00:00,2026-09-08T00:00:00,0,077202d4-ab3d-5152-abd8-0e9373fb2bfb,HIT,DAMAGE,1,2,8,2,11,BLUDGEONING,false,NULL,NULL,NULL
6f1d99da-396a-5b83-bc76-08e962445ea1,2026-09-08T00:00:00,2026-09-08T00:00:00,0,b655fef0-c1cd-5cda-a858-81b9615dd5b6,HIT,DAMAGE,0,3,10,6,22,PIERCING,false,NULL,NULL,NULL
eab130b3-14da-530d-bfc7-7a54168a29fb,2026-09-08T00:00:00,2026-09-08T00:00:00,0,e878bcb0-e261-5af0-af75-610524c53489,HIT,DAMAGE,0,1,8,3,7,PIERCING,false,NULL,NULL,NULL
e48a3ccc-9681-5360-859d-1f6e4f6d7742,2026-09-08T00:00:00,2026-09-08T00:00:00,0,e878bcb0-e261-5af0-af75-610524c53489,HIT,DAMAGE,1,2,6,NULL,7,POISON,false,NULL,NULL,NULL
d33d0d67-cc62-5fbf-a6be-8063f14e8333,2026-09-08T00:00:00,2026-09-08T00:00:00,0,3828374a-7f85-50b4-8ac0-ec7b48391dd8,SAVE_FAILURE,APPLY_CONDITION,0,NULL,NULL,NULL,NULL,NULL,false,c04d0000-0000-4000-a000-00000000000d,NULL,NULL
77eb2f34-e086-5121-bed3-f6a68a3c8027,2026-09-08T00:00:00,2026-09-08T00:00:00,0,b8964d59-efbd-503c-8bc7-7e16c7538cf9,HIT,DAMAGE,0,1,6,2,5,PIERCING,false,NULL,NULL,NULL
0413a622-3522-5d3d-8bef-ae27e2060dc8,2026-09-08T00:00:00,2026-09-08T00:00:00,0,b8964d59-efbd-503c-8bc7-7e16c7538cf9,HIT,DAMAGE,1,2,4,NULL,5,POISON,false,NULL,NULL,NULL
a631ad4d-9ce3-5ed3-84c7-bfa9e1c741f3,2026-09-08T00:00:00,2026-09-08T00:00:00,0,b8964d59-efbd-503c-8bc7-7e16c7538cf9,HIT,APPLY_CONDITION,2,NULL,NULL,NULL,NULL,NULL,false,c04d0000-0000-4000-a000-000000000006,12,NULL
695e6cb5-b326-5a51-9486-0304df3b1168,2026-09-08T00:00:00,2026-09-08T00:00:00,0,884ba691-67ea-5f7f-a259-2a0ea0dc9c07,ALWAYS,DAMAGE,0,3,6,NULL,10,ACID,false,NULL,NULL,NULL
48087d86-adf8-5114-975e-6959f2d38675,2026-09-08T00:00:00,2026-09-08T00:00:00,0,519e4cc8-fda0-5ec7-8885-c1c1f472974e,HIT,DAMAGE,0,1,4,4,6,PIERCING,false,NULL,NULL,NULL
4085c1a4-f31f-505e-aca3-1c7f06f9cc34,2026-09-08T00:00:00,2026-09-08T00:00:00,0,519e4cc8-fda0-5ec7-8885-c1c1f472974e,HIT,DAMAGE,1,1,8,NULL,4,POISON,false,NULL,NULL,NULL
86346d1a-c6bc-52c0-b92a-447ba51e8b43,2026-09-08T00:00:00,2026-09-08T00:00:00,0,be7b61b5-20e7-56c1-a40c-0da5127fe4c8,HIT,DAMAGE,0,2,6,2,9,PIERCING,false,NULL,NULL,NULL
712a6121-7140-5419-9081-2de030a7bdca,2026-09-08T00:00:00,2026-09-08T00:00:00,0,be7b61b5-20e7-56c1-a40c-0da5127fe4c8,HIT,APPLY_CONDITION,1,NULL,NULL,NULL,NULL,NULL,false,c04d0000-0000-4000-a000-00000000000b,NULL,NULL
442f94f0-eb89-5473-a221-dd8a5e8425f0,2026-09-08T00:00:00,2026-09-08T00:00:00,0,807b5ff2-dac5-5932-b9f1-bec88e9ab039,HIT,DAMAGE,0,1,6,2,5,PIERCING,false,NULL,NULL,NULL
b5b4e92a-fc42-5acf-ab96-27e98c8607bd,2026-09-08T00:00:00,2026-09-08T00:00:00,0,807b5ff2-dac5-5932-b9f1-bec88e9ab039,HIT,DAMAGE,1,2,4,NULL,5,POISON,false,NULL,NULL,NULL
26a91d34-ccee-5c4a-a988-00ac30a9bff8,2026-09-08T00:00:00,2026-09-08T00:00:00,0,a849f6b1-2558-51ee-a35a-b44f28b4340e,HIT,DAMAGE,0,1,4,3,5,PIERCING,false,NULL,NULL,NULL
3cb48ac6-9e95-558b-a1cd-ca4f5160a292,2026-09-08T00:00:00,2026-09-08T00:00:00,0,96b96f93-bdbc-5042-aaa1-dfa51305afaa,HIT,DAMAGE,0,1,4,3,5,PIERCING,false,NULL,NULL,NULL
db78db22-9d8c-5cea-8c97-b680eda9783a,2026-09-08T00:00:00,2026-09-08T00:00:00,0,96b96f93-bdbc-5042-aaa1-dfa51305afaa,HIT,DAMAGE,1,2,4,NULL,5,POISON,false,NULL,NULL,NULL
1f220580-8c12-5116-9f09-0461eea172c9,2026-09-08T00:00:00,2026-09-08T00:00:00,0,46b92fc0-46a2-5460-b436-42f9918f8fd2,HIT,DAMAGE,0,1,4,NULL,2,BLUDGEONING,false,NULL,NULL,NULL
7be4de55-277e-5998-9bc1-cd30a89f1029,2026-09-08T00:00:00,2026-09-08T00:00:00,0,356aabf9-c7c0-5364-9c81-592d45435917,HIT,DAMAGE,0,2,10,5,16,PIERCING,false,NULL,NULL,NULL
ab8dd750-9be1-51bc-bc91-a118e65f7c6d,2026-09-08T00:00:00,2026-09-08T00:00:00,0,532c1090-be2f-5d63-8499-cc8c362d6f26,HIT,DAMAGE,0,3,6,4,14,PIERCING,false,NULL,NULL,NULL
ac3ee2e5-746a-59ae-bfcf-b83810a18c4c,2026-09-08T00:00:00,2026-09-08T00:00:00,0,5884d9b8-4755-55ef-ad90-d1abbcbba689,HIT,DAMAGE,0,1,6,NULL,3,PIERCING,false,NULL,NULL,NULL
657e3da4-aeed-51b0-bea3-f1864150cb34,2026-09-08T00:00:00,2026-09-08T00:00:00,0,194c7c35-9e60-5381-a68d-66253fa30e43,HIT,DAMAGE,0,1,4,-1,1,PIERCING,false,NULL,NULL,NULL
bacf472e-22ac-5efc-b689-d90dec98b56f,2026-09-08T00:00:00,2026-09-08T00:00:00,0,36b38dec-f2c8-5af1-a675-1dd2b2c74b1a,HIT,DAMAGE,0,5,6,4,21,PIERCING,false,NULL,NULL,NULL
e6dd7fb0-1227-5552-a6ff-a692c9e84895,2026-09-08T00:00:00,2026-09-08T00:00:00,0,e3848210-509a-5508-bdc6-35b4b0006f2d,HIT,DAMAGE,0,1,8,3,7,SLASHING,false,NULL,NULL,NULL
7745a52e-970f-596e-83fd-2bd16ce53305,2026-09-08T00:00:00,2026-09-08T00:00:00,0,58d97220-ff2f-587a-85e9-957b3c81defb,SAVE_FAILURE,APPLY_CONDITION,0,NULL,NULL,NULL,NULL,NULL,false,c04d0000-0000-4000-a000-000000000005,NULL,NULL
c6d4ee5d-b34a-5796-9003-fa69ada27a44,2026-09-08T00:00:00,2026-09-08T00:00:00,0,1c905f13-3ab7-5af8-81bf-704a7b3b2520,HIT,DAMAGE,0,2,10,7,18,PIERCING,false,NULL,NULL,NULL
98babba0-3f04-5cd6-bd05-647e3b38b440,2026-09-08T00:00:00,2026-09-08T00:00:00,0,1c905f13-3ab7-5af8-81bf-704a7b3b2520,HIT,APPLY_CONDITION,1,NULL,NULL,NULL,NULL,NULL,false,c04d0000-0000-4000-a000-00000000000c,NULL,NULL
2f535b5a-2455-5941-a320-fb3662228c68,2026-09-08T00:00:00,2026-09-08T00:00:00,0,be58eb6d-7f95-5b26-b759-44f653c1b20b,SAVE_FAILURE,DAMAGE,0,4,10,7,29,BLUDGEONING,false,NULL,NULL,NULL
14e5956d-25aa-525e-9bc9-c83fe2b1d27e,2026-09-08T00:00:00,2026-09-08T00:00:00,0,be58eb6d-7f95-5b26-b759-44f653c1b20b,SAVE_SUCCESS,DAMAGE,1,NULL,NULL,NULL,NULL,NULL,true,NULL,NULL,NULL
f7a71559-d12c-56f1-bd38-e762cd5d6a13,2026-09-08T00:00:00,2026-09-08T00:00:00,0,6cfefc5e-a5c1-5668-8bb9-770c88a16c9d,HIT,DAMAGE,0,1,6,1,4,PIERCING,false,NULL,NULL,NULL
9d8eaba8-1aa8-5840-8ccc-b035da2c0b93,2026-09-08T00:00:00,2026-09-08T00:00:00,0,6cfefc5e-a5c1-5668-8bb9-770c88a16c9d,HIT,APPLY_CONDITION,1,NULL,NULL,NULL,NULL,NULL,false,c04d0000-0000-4000-a000-00000000000c,NULL,NULL
52a9c2f3-66de-5485-8b9b-da990475a076,2026-09-08T00:00:00,2026-09-08T00:00:00,0,0fc06aca-4f94-5b9c-bc8b-dad0616c85db,HIT,DAMAGE,0,1,4,2,4,BLUDGEONING,false,NULL,NULL,NULL
f35e2505-9853-588a-8885-3760dcae1cc1,2026-09-08T00:00:00,2026-09-08T00:00:00,0,ea3f07e9-9d6a-53fc-892b-426ac3ef102f,HIT,DAMAGE,0,1,6,3,6,SLASHING,false,NULL,NULL,NULL
01fe4251-6315-5285-96aa-1b7cd61109d2,2026-09-08T00:00:00,2026-09-08T00:00:00,0,0fd8702d-1661-543a-88d6-1a347143d1f2,HIT,DAMAGE,0,2,6,4,11,PIERCING,false,NULL,NULL,NULL
0b25839f-e29b-5fb3-b0c0-4a17577fff0b,2026-09-08T00:00:00,2026-09-08T00:00:00,0,08ce7132-bfe7-5642-bce3-4fe716cd1117,HIT,DAMAGE,0,1,8,5,9,SLASHING,false,NULL,NULL,NULL
3d36c5d7-098b-5b55-a937-6edd3a4c916e,2026-09-08T00:00:00,2026-09-08T00:00:00,0,dc4f5901-0a28-5ae2-9931-64ad2a6bbea6,HIT,DAMAGE,0,1,4,2,4,BLUDGEONING,false,NULL,NULL,NULL
80d7d3fe-7cae-5240-af9c-e564d27fba13,2026-09-08T00:00:00,2026-09-08T00:00:00,0,e1517086-5b07-5b02-a219-fdafbd350f31,HIT,DAMAGE,0,1,8,2,6,PIERCING,false,NULL,NULL,NULL
4a409cac-a80b-5e62-9db8-d2e049f5b8a9,2026-09-08T00:00:00,2026-09-08T00:00:00,0,7c0ef8bc-9fe5-5164-a9e9-a5bf95d5912c,HIT,DAMAGE,0,2,4,2,7,PIERCING,false,NULL,NULL,NULL
8f2d7368-84bd-5119-94f0-3c02285878aa,2026-09-08T00:00:00,2026-09-08T00:00:00,0,ecc7ed6d-53af-58da-895a-cf43bd926233,HIT,DAMAGE,0,2,8,5,14,PIERCING,false,NULL,NULL,NULL
d553db13-e8e1-530f-8bb9-6e554093e8b3,2026-09-08T00:00:00,2026-09-08T00:00:00,0,ecc7ed6d-53af-58da-895a-cf43bd926233,HIT,DAMAGE,1,2,8,NULL,9,PIERCING,false,NULL,NULL,NULL
4bf23f7d-df0e-534b-ad99-080ea90990e7,2026-09-08T00:00:00,2026-09-08T00:00:00,0,ecc7ed6d-53af-58da-895a-cf43bd926233,HIT,APPLY_CONDITION,2,NULL,NULL,NULL,NULL,NULL,false,c04d0000-0000-4000-a000-00000000000c,NULL,NULL
37ca165a-cef5-57ef-b9c2-a80c7786c60e,2026-09-08T00:00:00,2026-09-08T00:00:00,0,78315d73-d115-52c7-bfe3-53192b34e9e5,HIT,DAMAGE,0,1,8,3,7,BLUDGEONING,false,NULL,NULL,NULL
2fc96e80-bd06-5c26-8b1c-6b4d4162add4,2026-09-08T00:00:00,2026-09-08T00:00:00,0,7903711c-e46d-564c-9479-94800ae86192,HIT,DAMAGE,0,2,6,4,11,SLASHING,false,NULL,NULL,NULL
73a51b8f-0b33-5ce2-a671-5f305e484138,2026-09-08T00:00:00,2026-09-08T00:00:00,0,953e7cd4-832b-5d9b-a2ea-76610044fdf2,HIT,DAMAGE,0,1,6,NULL,3,POISON,false,NULL,NULL,NULL
ce350836-385b-54af-a739-9cc15f255f0c,2026-09-08T00:00:00,2026-09-08T00:00:00,0,cf28cdfd-e4a3-5735-8119-cee11e6a751a,HIT,DAMAGE,0,1,4,NULL,2,POISON,false,NULL,NULL,NULL
0fd9fc1b-ecc8-5412-8407-c0cbcdeceb2a,2026-09-08T00:00:00,2026-09-08T00:00:00,0,7d6fd4b1-a152-526b-b17a-2324d20eccb3,HIT,DAMAGE,0,2,4,NULL,5,PIERCING,false,NULL,NULL,NULL
36d1edfa-cab7-598a-9633-a24e340cb58a,2026-09-08T00:00:00,2026-09-08T00:00:00,0,7d6fd4b1-a152-526b-b17a-2324d20eccb3,HIT,DAMAGE,1,1,4,NULL,2,PIERCING,false,NULL,NULL,NULL
88115819-9083-51ee-9590-24855c5fd32c,2026-09-08T00:00:00,2026-09-08T00:00:00,0,0b5f7965-0e9c-5b7a-916e-d00afbed78ef,HIT,DAMAGE,0,2,4,1,6,POISON,false,NULL,NULL,NULL
88ead0f8-b774-59b2-8d92-ce5351aae644,2026-09-08T00:00:00,2026-09-08T00:00:00,0,0b5f7965-0e9c-5b7a-916e-d00afbed78ef,HIT,DAMAGE,1,1,4,1,3,POISON,false,NULL,NULL,NULL
4dcf8a9e-ab9e-5471-a8e8-95029043f8c6,2026-09-08T00:00:00,2026-09-08T00:00:00,0,a0d99255-358b-56ab-98b2-5ec593fbc71b,HIT,DAMAGE,0,2,4,3,8,PIERCING,false,NULL,NULL,NULL
af0a3917-4c34-50a1-8bf0-0dde827fa7b4,2026-09-08T00:00:00,2026-09-08T00:00:00,0,a0d99255-358b-56ab-98b2-5ec593fbc71b,HIT,DAMAGE,1,1,4,3,5,PIERCING,false,NULL,NULL,NULL
feab859f-a059-59a0-a146-7ac890fe4656,2026-09-08T00:00:00,2026-09-08T00:00:00,0,87271684-c6db-5055-ac72-4672bcc5e8ec,HIT,DAMAGE,0,2,4,NULL,5,PIERCING,false,NULL,NULL,NULL
6d35d0df-af31-5f69-92e4-37861029e147,2026-09-08T00:00:00,2026-09-08T00:00:00,0,87271684-c6db-5055-ac72-4672bcc5e8ec,HIT,DAMAGE,1,1,4,NULL,2,PIERCING,false,NULL,NULL,NULL
f263ae0c-3b43-543f-b5a9-461eda883efb,2026-09-08T00:00:00,2026-09-08T00:00:00,0,ff347143-1417-5f07-934d-74615994af16,HIT,DAMAGE,0,1,6,2,5,PIERCING,false,NULL,NULL,NULL
c69ed36f-3fce-5cbf-9bfb-ac9515e9fbac,2026-09-08T00:00:00,2026-09-08T00:00:00,0,ff347143-1417-5f07-934d-74615994af16,HIT,DAMAGE,1,1,4,NULL,2,PIERCING,false,NULL,NULL,NULL
278a8c30-285d-5fb5-9531-a8e081c8e2ef,2026-09-08T00:00:00,2026-09-08T00:00:00,0,aaf2a3af-a399-5fbf-86d7-17c4a7922f86,SAVE_FAILURE,APPLY_CONDITION,0,NULL,NULL,NULL,NULL,NULL,false,c04d0000-0000-4000-a000-000000000003,NULL,NULL
e4195828-89e8-5d15-aa6d-b56a5b25e543,2026-09-08T00:00:00,2026-09-08T00:00:00,0,801037e4-23c9-5803-9152-634e4275211d,HIT,DAMAGE,0,1,8,4,8,PIERCING,false,NULL,NULL,NULL
8ed5d2e1-bc78-5eb3-a907-3d05ebaa8490,2026-09-08T00:00:00,2026-09-08T00:00:00,0,801037e4-23c9-5803-9152-634e4275211d,HIT,DAMAGE,1,1,4,4,6,PIERCING,false,NULL,NULL,NULL
2aeefe37-ad3e-527e-9294-eeb1807b91e3,2026-09-08T00:00:00,2026-09-08T00:00:00,0,801037e4-23c9-5803-9152-634e4275211d,HIT,DAMAGE,2,3,6,NULL,10,POISON,false,NULL,NULL,NULL
8bd6b8c4-8b86-5101-86a2-230f369df15a,2026-09-08T00:00:00,2026-09-08T00:00:00,0,652401cb-96d1-578a-b932-5839f207d7d8,HIT,DAMAGE,0,2,6,3,10,SLASHING,false,NULL,NULL,NULL
ac1b28b6-d92a-55d3-8722-5ab76df0279f,2026-09-08T00:00:00,2026-09-08T00:00:00,0,652401cb-96d1-578a-b932-5839f207d7d8,HIT,APPLY_CONDITION,1,NULL,NULL,NULL,NULL,NULL,false,c04d0000-0000-4000-a000-00000000000c,NULL,NULL
a97faa7e-25d7-5649-b18b-511470b96b36,2026-09-08T00:00:00,2026-09-08T00:00:00,0,2bf5f4b1-3ab1-571c-91ef-ddae7b183a67,HIT,DAMAGE,0,2,12,6,19,PIERCING,false,NULL,NULL,NULL
a474dee5-a18e-56ec-bf55-8615da4be471,2026-09-08T00:00:00,2026-09-08T00:00:00,0,2bf5f4b1-3ab1-571c-91ef-ddae7b183a67,HIT,DAMAGE,1,2,8,NULL,9,PIERCING,false,NULL,NULL,NULL
a1ac54ce-674d-5f6b-b9b4-33e383ff26a6,2026-09-08T00:00:00,2026-09-08T00:00:00,0,2bf5f4b1-3ab1-571c-91ef-ddae7b183a67,HIT,APPLY_CONDITION,2,NULL,NULL,NULL,NULL,NULL,false,c04d0000-0000-4000-a000-00000000000c,NULL,NULL
5824cc8d-4878-537e-bc5d-7224f8a13ad2,2026-09-08T00:00:00,2026-09-08T00:00:00,0,33810136-df85-5553-b385-e5cffb20b1f9,HIT,DAMAGE,0,4,12,7,33,PIERCING,false,NULL,NULL,NULL
c20874b2-1bd2-5fae-8977-cdd6e62e1b6f,2026-09-08T00:00:00,2026-09-08T00:00:00,0,33810136-df85-5553-b385-e5cffb20b1f9,HIT,APPLY_CONDITION,1,NULL,NULL,NULL,NULL,NULL,false,c04d0000-0000-4000-a000-000000000006,17,NULL
152bc04d-880b-5e1d-b8b4-9d08356113a5,2026-09-08T00:00:00,2026-09-08T00:00:00,0,33810136-df85-5553-b385-e5cffb20b1f9,HIT,APPLY_CONDITION,2,NULL,NULL,NULL,NULL,NULL,false,c04d0000-0000-4000-a000-00000000000d,17,NULL
6ec53fa8-a9b9-5f95-a647-78e438279c3a,2026-09-08T00:00:00,2026-09-08T00:00:00,0,9a46a91c-d495-5c96-a132-a00da506bb87,HIT,DAMAGE,0,4,8,7,25,BLUDGEONING,false,NULL,NULL,NULL
d3934513-ba16-52e8-be7b-3af41ab8555c,2026-09-08T00:00:00,2026-09-08T00:00:00,0,9a46a91c-d495-5c96-a132-a00da506bb87,HIT,APPLY_CONDITION,1,NULL,NULL,NULL,NULL,NULL,false,c04d0000-0000-4000-a000-00000000000c,NULL,NULL
a9f4ddf3-28c2-5b9c-a67d-f47462d56787,2026-09-08T00:00:00,2026-09-08T00:00:00,0,cb6e3cfc-9b2d-5196-b7c1-08b44904df92,HIT,DAMAGE,0,1,4,2,4,PIERCING,false,NULL,NULL,NULL
b1a37b2f-4e86-51eb-b581-5480d1219b64,2026-09-08T00:00:00,2026-09-08T00:00:00,0,cb6e3cfc-9b2d-5196-b7c1-08b44904df92,HIT,DAMAGE,1,1,6,NULL,3,POISON,false,NULL,NULL,NULL
39861560-1ade-534d-ab3b-e8330114e21f,2026-09-08T00:00:00,2026-09-08T00:00:00,0,a4b87d57-c1d7-5562-96ac-0252bea8ee58,HIT,DAMAGE,0,1,4,NULL,2,PIERCING,false,NULL,NULL,NULL
a9b73f52-fa72-5b16-99af-b8aa0d201418,2026-09-08T00:00:00,2026-09-08T00:00:00,0,2b3ee06a-45c3-56f1-b52d-5149166b7a0f,HIT,DAMAGE,0,2,4,4,9,BLUDGEONING,false,NULL,NULL,NULL
5433d262-b501-5e2c-901d-64a8c16b13fd,2026-09-08T00:00:00,2026-09-08T00:00:00,0,2b3ee06a-45c3-56f1-b52d-5149166b7a0f,HIT,DAMAGE,1,2,4,NULL,5,BLUDGEONING,false,NULL,NULL,NULL
aa740adc-b760-5de5-adca-23f455a51da5,2026-09-08T00:00:00,2026-09-08T00:00:00,0,2b3ee06a-45c3-56f1-b52d-5149166b7a0f,HIT,APPLY_CONDITION,2,NULL,NULL,NULL,NULL,NULL,false,c04d0000-0000-4000-a000-00000000000c,NULL,NULL
3fbcf9b6-6a00-569e-927a-5443af703ecf,2026-09-08T00:00:00,2026-09-08T00:00:00,0,8488441a-c4c9-5088-b245-4f3b53872233,HIT,DAMAGE,0,1,6,2,5,PIERCING,false,NULL,NULL,NULL
5b300f63-1bf0-59b4-a5dc-f8fd3f53d020,2026-09-08T00:00:00,2026-09-08T00:00:00,0,8488441a-c4c9-5088-b245-4f3b53872233,HIT,APPLY_CONDITION,1,NULL,NULL,NULL,NULL,NULL,false,c04d0000-0000-4000-a000-00000000000c,NULL,NULL
